asset_id,eodhd_symbol,instrument_type,clase,grupo,nombre,divisa,incluir
IE00BYX5NX33,IE00BYX5NX33.EUFUND,FUND,EQUITY,referencia-bolsa,Fidelity MSCI World Index Fund EUR P Acc,EUR,si
IE00B03HD191,IE00B03HD191.EUFUND,FUND,EQUITY,referencia-bolsa,Vanguard Global Stock Index Fund EUR Acc,EUR,si
LU0132601682,LU0132601682.EUFUND,FUND,FIXED_INCOME,referencia-bonos,Morgan Stanley Investment Funds - Euro Corporate Bond Fund A,EUR,si
LU0113257694,LU0113257694.EUFUND,FUND,FIXED_INCOME,referencia-bonos,Schroder International Selection Fund EURO Corporate Bond A Accumulation EUR,EUR,si
LU0469270010,LU0469270010.EUFUND,FUND,EQUITY,fondos-bolsa,AB FCP I - Asia Ex-Japan Equity Portfolio C EUR Acc,EUR,si
LU0232524495,LU0232524495.EUFUND,FUND,EQUITY,fondos-bolsa,AB SICAV I - American Growth Portfolio A EUR Acc,EUR,si
LU0251853072,LU0251853072.EUFUND,FUND,EQUITY,fondos-bolsa,AB SICAV I - International Health Care Portfolio Class A EUR Acc,EUR,si
LU0861897477,LU0861897477.EUFUND,FUND,EQUITY,fondos-bolsa,Abante Global Funds Spanish Opportunities Class B,EUR,si
LU0524465977,LU0524465977.EUFUND,FUND,EQUITY,fondos-bolsa,Alken Fund - European Opportunities Class A,EUR,si
LU0235308482,LU0235308482.EUFUND,FUND,EQUITY,fondos-bolsa,Alken Fund - European Opportunities Class R,EUR,si
LU0524465548,LU0524465548.EUFUND,FUND,EQUITY,fondos-bolsa,Alken Fund - Small Cap Europe Class A,EUR,si
LU0256839860,LU0256839860.EUFUND,FUND,EQUITY,fondos-bolsa,Allianz Global Investors Fund - Allianz Europe Equity Growth CT EUR,EUR,si
LU0920839429,LU0920839429.EUFUND,FUND,EQUITY,fondos-bolsa,Allianz Global Investors Fund - Allianz Europe Equity Growth Select CT EUR,EUR,si
LU0293313325,LU0293313325.EUFUND,FUND,EQUITY,fondos-bolsa,Allianz Global Investors Fund - Allianz GEM Equity High Dividend AT EUR,EUR,si
LU0293313671,LU0293313671.EUFUND,FUND,EQUITY,fondos-bolsa,Allianz Global Investors Fund - Allianz GEM Equity High Dividend CT EUR,EUR,si
LU1548497699,LU1548497699.EUFUND,FUND,EQUITY,fondos-bolsa,Allianz Global Investors Fund - Allianz Global Artificial Intelligence AT EUR,EUR,si
LU1602091867,LU1602091867.EUFUND,FUND,EQUITY,fondos-bolsa,Allianz Global Investors Fund - Allianz Global Artificial Intelligence CT EUR,EUR,si
LU0604766674,LU0604766674.EUFUND,FUND,EQUITY,fondos-bolsa,Allianz Global Investors Fund - Allianz Global Metals and Mining AT EUR,EUR,si
LU0348784041,LU0348784041.EUFUND,FUND,EQUITY,fondos-bolsa,Allianz Global Investors Fund - Allianz Oriental Income AT EUR,EUR,si
LU1931535931,LU1931535931.EUFUND,FUND,EQUITY,fondos-bolsa,Allianz Pet and Animal Wellbeing AT EUR,EUR,si
LU0568583420,LU0568583420.EUFUND,FUND,EQUITY,fondos-bolsa,Amundi Funds - Equity Japan Target A EUR (C),EUR,si
LU1883342377,LU1883342377.EUFUND,FUND,EQUITY,fondos-bolsa,Amundi Funds - Global Equity A EUR (C),EUR,si
LU1883342880,LU1883342880.EUFUND,FUND,EQUITY,fondos-bolsa,Amundi Funds - Global Equity C EUR (C),EUR,si
LU1883318740,LU1883318740.EUFUND,FUND,EQUITY,fondos-bolsa,Amundi Funds - Global Equity Responsible A EUR (C),EUR,si
LU1883319474,LU1883319474.EUFUND,FUND,EQUITY,fondos-bolsa,Amundi Funds - Global Equity Responsible C EUR (C),EUR,si
LU0552029406,LU0552029406.EUFUND,FUND,EQUITY,fondos-bolsa,Amundi Funds - Latin America Equity A EUR (C),EUR,si
LU0552029661,LU0552029661.EUFUND,FUND,EQUITY,fondos-bolsa,Amundi Funds - Latin America Equity G EUR (C),EUR,si
ES0184949008,ES0184949008.EUFUND,FUND,EQUITY,fondos-bolsa,ANDBANK MEGATRENDS  FI - CLASE A,EUR,si
ES0184949016,ES0184949016.EUFUND,FUND,EQUITY,fondos-bolsa,ANDBANK MEGATRENDS  FI - CLASE B,EUR,si
IE0031069499,IE0031069499.EUFUND,FUND,EQUITY,fondos-bolsa,AXA IM Equity Trust - AXA IM All Country Asia Pacific Ex-Japan Small Cap Equity QI B (â‚¬),EUR,si
IE0034277479,IE0034277479.EUFUND,FUND,EQUITY,fondos-bolsa,AXA IM Equity Trust - AXA IM All Country Asia Pacific Ex-Japan Small Cap Equity QI E (â‚¬),EUR,si
LU0184627536,LU0184627536.EUFUND,FUND,EQUITY,fondos-bolsa,AXA World Funds - Switzerland Equity A Capitalisation EUR,EUR,si
LU1814994353,LU1814994353.EUFUND,FUND,EQUITY,fondos-bolsa,Azvalor Lux SICAV Altum Faith - Consistent Equity R,EUR,si
LU1333148903,LU1333148903.EUFUND,FUND,EQUITY,fondos-bolsa,Azvalor Lux SICAV Azvalor International R,EUR,si
ES0112602000,ES0112602000.EUFUND,FUND,EQUITY,fondos-bolsa,AZVALOR MANAGERS  FI,EUR,si
LU0631859229,LU0631859229.EUFUND,FUND,EQUITY,fondos-bolsa,Bellevue Funds (Lux) - Bellevue Entrepreneur Europe Small B EUR,EUR,si
LU0415391431,LU0415391431.EUFUND,FUND,EQUITY,fondos-bolsa,Bellevue Funds (Lux) - Bellevue Medtech & Services B EUR,EUR,si
ES0114673033,ES0114673033.EUFUND,FUND,EQUITY,fondos-bolsa,BESTINFOND  FI,EUR,si
LU0563745743,LU0563745743.EUFUND,FUND,EQUITY,fondos-bolsa,Bestinver Tordesillas SICAV Iberia A,EUR,si
LU0224105477,LU0224105477.EUFUND,FUND,EQUITY,fondos-bolsa,BlackRock Global Funds - Continental European Flexible Fund Class A2 EUR,EUR,si
LU0224105980,LU0224105980.EUFUND,FUND,EQUITY,fondos-bolsa,BlackRock Global Funds - Continental European Flexible Fund E2,EUR,si
LU2050411763,LU2050411763.EUFUND,FUND,EQUITY,fondos-bolsa,BlackRock Global Funds - Emerging Markets Equity Income Fund A2,EUR,si
LU0171275786,LU0171275786.EUFUND,FUND,EQUITY,fondos-bolsa,BlackRock Global Funds - Emerging Markets Fund A2,EUR,si
LU0628612748,LU0628612748.EUFUND,FUND,EQUITY,fondos-bolsa,BlackRock Global Funds - European Equity Income Fund E2,EUR,si
LU0229084990,LU0229084990.EUFUND,FUND,EQUITY,fondos-bolsa,BlackRock Global Funds - European Equity Transition Fund A2 EUR,EUR,si
LU0072462186,LU0072462186.EUFUND,FUND,EQUITY,fondos-bolsa,BlackRock Global Funds - European Value Fund A2,EUR,si
LU1917163617,LU1917163617.EUFUND,FUND,EQUITY,fondos-bolsa,BlackRock Global Funds - FinTech Fund E2,EUR,si
LU0171285587,LU0171285587.EUFUND,FUND,EQUITY,fondos-bolsa,BlackRock Global Funds - Global Long-Horizon Equity Fund E2,EUR,si
LU0171289902,LU0171289902.EUFUND,FUND,EQUITY,fondos-bolsa,BlackRock Global Funds - Sustainable Energy Fund A2,EUR,si
LU0331286574,LU0331286574.EUFUND,FUND,EQUITY,fondos-bolsa,BlackRock Global Funds - Sustainable Energy Fund C2,EUR,si
LU0171290074,LU0171290074.EUFUND,FUND,EQUITY,fondos-bolsa,BlackRock Global Funds - Sustainable Energy Fund E2,EUR,si
LU0171296949,LU0171296949.EUFUND,FUND,EQUITY,fondos-bolsa,BlackRock Global Funds - US Flexible Equity Fund E2,EUR,si
LU0171304552,LU0171304552.EUFUND,FUND,EQUITY,fondos-bolsa,BlackRock Global Funds - World Energy Fund E2,EUR,si
LU0171304719,LU0171304719.EUFUND,FUND,EQUITY,fondos-bolsa,BlackRock Global Funds - World Financials Fund A2,EUR,si
LU0171305443,LU0171305443.EUFUND,FUND,EQUITY,fondos-bolsa,BlackRock Global Funds - World Financials Fund E2,EUR,si
LU0171306680,LU0171306680.EUFUND,FUND,EQUITY,fondos-bolsa,BlackRock Global Funds - World Gold Fund E2,EUR,si
LU0171307068,LU0171307068.EUFUND,FUND,EQUITY,fondos-bolsa,BlackRock Global Funds - World Healthscience Fund A2,EUR,si
LU0171309270,LU0171309270.EUFUND,FUND,EQUITY,fondos-bolsa,BlackRock Global Funds - World Healthscience Fund E2,EUR,si
LU0172157280,LU0172157280.EUFUND,FUND,EQUITY,fondos-bolsa,BlackRock Global Funds - World Mining Fund A2,EUR,si
LU0172157363,LU0172157363.EUFUND,FUND,EQUITY,fondos-bolsa,BlackRock Global Funds - World Mining Fund E2 EUR,EUR,si
LU0326425351,LU0326425351.EUFUND,FUND,EQUITY,fondos-bolsa,BlackRock Global Funds - World Mining Fund E2 EUR Hedged,EUR,si
LU1321847805,LU1321847805.EUFUND,FUND,EQUITY,fondos-bolsa,BlackRock Strategic Funds - Emerging Markets Equity Strategies Fund E2 EUR,EUR,si
LU0313923228,LU0313923228.EUFUND,FUND,EQUITY,fondos-bolsa,BlackRock Strategic Funds - European Opportunities Extension Fund A2 EUR,EUR,si
LU1162516717,LU1162516717.EUFUND,FUND,EQUITY,fondos-bolsa,BlackRock Systematic Global Equity Absolute Return Fund A2 EUR Hedged,EUR,si
LU2092176515,LU2092176515.EUFUND,FUND,EQUITY,fondos-bolsa,BlueBox Funds - BlueBox Global Technology Fund Class C EUR Acc,EUR,si
LU0823411706,LU0823411706.EUFUND,FUND,EQUITY,fondos-bolsa,BNP Paribas Funds Consumer InnovatorsClassic Capitalisation,EUR,si
LU0823421689,LU0823421689.EUFUND,FUND,EQUITY,fondos-bolsa,BNP Paribas Funds Disruptive Technology Classic Capitalisation,EUR,si
LU0360646680,LU0360646680.EUFUND,FUND,EQUITY,fondos-bolsa,BNP Paribas Funds Euro Defensive Equity Classic Capitalisation,EUR,si
LU0212178916,LU0212178916.EUFUND,FUND,EQUITY,fondos-bolsa,BNP Paribas Funds Europe Small Cap Classic Capitalisation,EUR,si
LU0251807987,LU0251807987.EUFUND,FUND,EQUITY,fondos-bolsa,BNP Paribas Funds Japan Small Cap Classic EUR Capitalisation,EUR,si
IE00B23S7K36,IE00B23S7K36.EUFUND,FUND,EQUITY,fondos-bolsa,BNY Mellon Brazil Equity Fund EUR A Acc,EUR,si
IE00B3V93F27,IE00B3V93F27.EUFUND,FUND,EQUITY,fondos-bolsa,BNY Mellon Global Equity Income Fund EUR A Acc,EUR,si
IE00BZ18VT34,IE00BZ18VT34.EUFUND,FUND,EQUITY,fondos-bolsa,BNY Mellon Global Infrastructure Income Fund EUR A Inc,EUR,si
IE0003867441,IE0003867441.EUFUND,FUND,EQUITY,fondos-bolsa,BNY Mellon Small Cap Euroland Fund EUR A Acc,EUR,si
IE0031574647,IE0031574647.EUFUND,FUND,EQUITY,fondos-bolsa,Brandes European Value Fund A Euro Acc,EUR,si
IE0031573904,IE0031573904.EUFUND,FUND,EQUITY,fondos-bolsa,Brandes Global Value Fund A Euro Acc,EUR,si
IE0031575271,IE0031575271.EUFUND,FUND,EQUITY,fondos-bolsa,Brandes US Value Fund A Euro Acc,EUR,si
LU2278574558,LU2278574558.EUFUND,FUND,EQUITY,fondos-bolsa,Buy & Hold Luxembourg B&H Equity Class 2,EUR,si
LU1120766388,LU1120766388.EUFUND,FUND,EQUITY,fondos-bolsa,Candriam Equities L Biotechnology Class C EUR Cap,EUR,si
LU2050929277,LU2050929277.EUFUND,FUND,EQUITY,fondos-bolsa,Capital Group New Economy Fund (LUX) B,EUR,si
LU1295551144,LU1295551144.EUFUND,FUND,EQUITY,fondos-bolsa,Capital Group New Perspective Fund (LUX) B,EUR,si
LU1481179858,LU1481179858.EUFUND,FUND,EQUITY,fondos-bolsa,Capital Group New World Fund (LUX) B,EUR,si
FR0010148981,FR0010148981.EUFUND,FUND,EQUITY,fondos-bolsa,Carmignac Investissement A EUR Acc,EUR,si
FR0010312660,FR0010312660.EUFUND,FUND,EQUITY,fondos-bolsa,Carmignac Investissement E EUR Acc,EUR,si
LU0294249692,LU0294249692.EUFUND,FUND,EQUITY,fondos-bolsa,Carmignac Portfolio Grande Europe E EUR Acc,EUR,si
LU1299311164,LU1299311164.EUFUND,FUND,EQUITY,fondos-bolsa,Carmignac Portfolio Investissement A EUR Acc,EUR,si
LU1299311834,LU1299311834.EUFUND,FUND,EQUITY,fondos-bolsa,Carmignac Portfolio Investissement E EUR Acc,EUR,si
LU1317704135,LU1317704135.EUFUND,FUND,EQUITY,fondos-bolsa,Carmignac Portfolio Long-Short European Equities E EUR Acc,EUR,si
LU0323041763,LU0323041763.EUFUND,FUND,EQUITY,fondos-bolsa,Chahine Funds - Equity Europe R,EUR,si
LU1372006947,LU1372006947.EUFUND,FUND,EQUITY,fondos-bolsa,Cobas LUX SICAV - Cobas Selection Fund Class P Acc EUR,EUR,si
IE0004766675,IE0004766675.EUFUND,FUND,EQUITY,fondos-bolsa,Comgest Growth Europe EUR Acc,EUR,si
IE00B4ZJ4188,IE00B4ZJ4188.EUFUND,FUND,EQUITY,fondos-bolsa,Comgest Growth Europe Opportunities EUR Acc,EUR,si
LU0570870567,LU0570870567.EUFUND,FUND,EQUITY,fondos-bolsa,CT (Lux) - Global Smaller Companies AE (EUR Accumulation Shares),EUR,si
LU0282719219,LU0282719219.EUFUND,FUND,EQUITY,fondos-bolsa,CT (Lux) - Pan European Small Cap Opportunities Class AE (EUR Accumulation Shares),EUR,si
LU1829329819,LU1829329819.EUFUND,FUND,EQUITY,fondos-bolsa,CT (Lux) - Pan European Smaller Companies 1E (EUR Accumulation Shares),EUR,si
LU0284396289,LU0284396289.EUFUND,FUND,EQUITY,fondos-bolsa,DNCA Invest Value Europe Class B shares EUR,EUR,si
BE0946564383,BE0946564383.EUFUND,FUND,EQUITY,fondos-bolsa,DPAM B - Equities NewGems Sustainable B Cap,EUR,si
BE0947853660,BE0947853660.EUFUND,FUND,EQUITY,fondos-bolsa,DPAM B - Equities US Dividend Sustainable B EUR Cap,EUR,si
BE6213829094,BE6213829094.EUFUND,FUND,EQUITY,fondos-bolsa,DPAM B - Real Estate Europe Dividend Sustainable B Cap,EUR,si
DE0008490962,DE0008490962.EUFUND,FUND,EQUITY,fondos-bolsa,DWS Deutschland LC,EUR,si
LU0616856935,LU0616856935.EUFUND,FUND,EQUITY,fondos-bolsa,DWS Invest Brazilian Equities LC,EUR,si
LU0616857313,LU0616857313.EUFUND,FUND,EQUITY,fondos-bolsa,DWS Invest Brazilian Equities NC,EUR,si
LU1278917452,LU1278917452.EUFUND,FUND,EQUITY,fondos-bolsa,DWS Invest CROCI Sectors Plus LC,EUR,si
LU1278917536,LU1278917536.EUFUND,FUND,EQUITY,fondos-bolsa,DWS Invest CROCI Sectors Plus NC,EUR,si
LU1769941003,LU1769941003.EUFUND,FUND,EQUITY,fondos-bolsa,DWS Invest CROCI World Value LC,EUR,si
LU0273159177,LU0273159177.EUFUND,FUND,EQUITY,fondos-bolsa,DWS Invest Gold and Precious Metals Equities LC,EUR,si
LU0273148055,LU0273148055.EUFUND,FUND,EQUITY,fondos-bolsa,DWS Invest Gold and Precious Metals Equities NC,EUR,si
LU0826452848,LU0826452848.EUFUND,FUND,EQUITY,fondos-bolsa,DWS Invest II Global Equity High Conviction Fund LC,EUR,si
LU0826453226,LU0826453226.EUFUND,FUND,EQUITY,fondos-bolsa,DWS Invest II Global Equity High Conviction Fund NC,EUR,si
LU0399356780,LU0399356780.EUFUND,FUND,EQUITY,fondos-bolsa,DWS Invest Latin American Equities LC,EUR,si
LU0813337002,LU0813337002.EUFUND,FUND,EQUITY,fondos-bolsa,DWS Invest Latin American Equities NC,EUR,si
FR0010321810,FR0010321810.EUFUND,FUND,EQUITY,fondos-bolsa,Echiquier Agenor Mid Cap Europe A,EUR,si
LU1819480192,LU1819480192.EUFUND,FUND,EQUITY,fondos-bolsa,Echiquier Artificial Intelligence B EUR,EUR,si
FR0010859769,FR0010859769.EUFUND,FUND,EQUITY,fondos-bolsa,Echiquier World Equity Growth A,EUR,si
LU0995386439,LU0995386439.EUFUND,FUND,EQUITY,fondos-bolsa,EDM Inversion/Spanish Equity R EUR,EUR,si
LU1244893696,LU1244893696.EUFUND,FUND,EQUITY,fondos-bolsa,Edmond de Rothschild Fund - Big Data A-EUR accumulating,EUR,si
LU1244895394,LU1244895394.EUFUND,FUND,EQUITY,fondos-bolsa,Edmond de Rothschild Fund - Big Data R EUR,EUR,si
LU1103303167,LU1103303167.EUFUND,FUND,EQUITY,fondos-bolsa,Edmond de Rothschild Fund - US Value A EUR,EUR,si
LU1111642820,LU1111642820.EUFUND,FUND,EQUITY,fondos-bolsa,Eleva European Selection A2 EUR acc,EUR,si
ES0167238023,ES0167238023.EUFUND,FUND,EQUITY,fondos-bolsa,ESTELA GLOBAL EQUITIES  FI,EUR,si
IE00B88WFS66,IE00B88WFS66.EUFUND,FUND,EQUITY,fondos-bolsa,Federated Hermes Asia ex-Japan Equity Fund Class R EUR Accumulating,EUR,si
LU2376061086,LU2376061086.EUFUND,FUND,EQUITY,fondos-bolsa,FF - Climate Solutions Fund A-Acc-EUR,EUR,si
LU2348336004,LU2348336004.EUFUND,FUND,EQUITY,fondos-bolsa,FF - Climate Solutions Fund E-ACC-EUR,EUR,si
LU0261951957,LU0261951957.EUFUND,FUND,EQUITY,fondos-bolsa,FF - Global Dividend Plus Fund A-Acc-EUR,EUR,si
LU1206943596,LU1206943596.EUFUND,FUND,EQUITY,fondos-bolsa,Fidelity Active Strategy - FAST - Emerging Markets Fund A-ACC-EUR,EUR,si
LU0202403266,LU0202403266.EUFUND,FUND,EQUITY,fondos-bolsa,Fidelity Active Strategy - FAST - Europe Fund A-ACC-EUR,EUR,si
LU0348529792,LU0348529792.EUFUND,FUND,EQUITY,fondos-bolsa,Fidelity Active Strategy - FAST - Europe Fund E-ACC-EUR,EUR,si
LU2210151341,LU2210151341.EUFUND,FUND,EQUITY,fondos-bolsa,Fidelity Funds - Absolute Return Global Equity Fund A-PF-Acc-Euro (Euro/USD hedged),EUR,si
LU0115759606,LU0115759606.EUFUND,FUND,EQUITY,fondos-bolsa,Fidelity Funds - America Fund E-Acc-EUR,EUR,si
LU0345361124,LU0345361124.EUFUND,FUND,EQUITY,fondos-bolsa,Fidelity Funds - Asia Pacific Opportunities Fund A-Acc-EUR,EUR,si
LU0702159772,LU0702159772.EUFUND,FUND,EQUITY,fondos-bolsa,Fidelity Funds - Asian Smaller Companies Fund A-Acc-EUR,EUR,si
LU0778324086,LU0778324086.EUFUND,FUND,EQUITY,fondos-bolsa,Fidelity Funds - Asian Special Situations Fund E-Acc-EUR,EUR,si
LU0594300096,LU0594300096.EUFUND,FUND,EQUITY,fondos-bolsa,Fidelity Funds - China Consumer Fund A-Acc-EUR,EUR,si
LU0318931192,LU0318931192.EUFUND,FUND,EQUITY,fondos-bolsa,Fidelity Funds - China Focus Fund A-Acc-EUR,EUR,si
LU0766123821,LU0766123821.EUFUND,FUND,EQUITY,fondos-bolsa,Fidelity Funds - China Focus Fund E-Acc-EUR,EUR,si
LU0329678410,LU0329678410.EUFUND,FUND,EQUITY,fondos-bolsa,Fidelity Funds - Emerging Asia Fund A-Acc-EUR,EUR,si
LU0630951415,LU0630951415.EUFUND,FUND,EQUITY,fondos-bolsa,Fidelity Funds - Emerging Asia Fund E-Acc-EUR,EUR,si
LU0261952682,LU0261952682.EUFUND,FUND,EQUITY,fondos-bolsa,Fidelity Funds - Euro 50 Index Fund A-Acc-EUR,EUR,si
LU0353647737,LU0353647737.EUFUND,FUND,EQUITY,fondos-bolsa,Fidelity Funds - European Dividend Fund A-Acc-EUR,EUR,si
LU0857700040,LU0857700040.EUFUND,FUND,EQUITY,fondos-bolsa,Fidelity Funds - European Dividend Fund A-MINCOME(G)-EUR,EUR,si
LU0261948227,LU0261948227.EUFUND,FUND,EQUITY,fondos-bolsa,Fidelity Funds - Germany Fund A-Acc-EUR,EUR,si
LU1391767586,LU1391767586.EUFUND,FUND,EQUITY,fondos-bolsa,Fidelity Funds - Global Financial Services Fund A-Acc-EUR,EUR,si
LU0114722738,LU0114722738.EUFUND,FUND,EQUITY,fondos-bolsa,Fidelity Funds - Global Financial Services Fund E-Acc-EUR,EUR,si
LU2504555777,LU2504555777.EUFUND,FUND,EQUITY,fondos-bolsa,Fidelity Funds - Global Industrials Fund A-Acc-EUR,EUR,si
LU0114723033,LU0114723033.EUFUND,FUND,EQUITY,fondos-bolsa,Fidelity Funds - Global Industrials Fund E-Acc-EUR,EUR,si
LU1213836080,LU1213836080.EUFUND,FUND,EQUITY,fondos-bolsa,Fidelity Funds - Global Technology Fund A-Acc-EUR,EUR,si
LU0115773425,LU0115773425.EUFUND,FUND,EQUITY,fondos-bolsa,Fidelity Funds - Global Technology Fund E-Acc-EUR,EUR,si
LU0115765678,LU0115765678.EUFUND,FUND,EQUITY,fondos-bolsa,Fidelity Funds - Iberia Fund E-Acc-EUR,EUR,si
LU0922333322,LU0922333322.EUFUND,FUND,EQUITY,fondos-bolsa,Fidelity Funds - Italy Fund A-Acc-EUR,EUR,si
LU0413543058,LU0413543058.EUFUND,FUND,EQUITY,fondos-bolsa,Fidelity Funds - Japan Value Fund A-Acc-EUR,EUR,si
LU0368678339,LU0368678339.EUFUND,FUND,EQUITY,fondos-bolsa,Fidelity Funds - Pacific Fund A-Acc-EUR,EUR,si
LU2050860480,LU2050860480.EUFUND,FUND,EQUITY,fondos-bolsa,Fidelity Funds - UK Special Situations Fund A-ACC-EUR,EUR,si
LU0275692696,LU0275692696.EUFUND,FUND,EQUITY,fondos-bolsa,Fidelity Funds - US Equity Fund A-Acc-EUR,EUR,si
LU0115769746,LU0115769746.EUFUND,FUND,EQUITY,fondos-bolsa,Fidelity Funds - World Fund E-Acc-EUR,EUR,si
IE00BYX5P602,IE00BYX5P602.EUFUND,FUND,EQUITY,fondos-bolsa,Fidelity MSCI World Index Fund EUR P Acc (Hedged),EUR,si
LU0496368142,LU0496368142.EUFUND,FUND,EQUITY,fondos-bolsa,Franklin Gold and Precious Metals Fund A(acc)EUR-H1,EUR,si
LU0496369389,LU0496369389.EUFUND,FUND,EQUITY,fondos-bolsa,Franklin Gold and Precious Metals Fund N(acc)EUR,EUR,si
LU0231205856,LU0231205856.EUFUND,FUND,EQUITY,fondos-bolsa,Franklin India Fund N(acc)EUR,EUR,si
LU0300741732,LU0300741732.EUFUND,FUND,EQUITY,fondos-bolsa,Franklin Natural Resources Fund A(acc)EUR,EUR,si
LU0260869739,LU0260869739.EUFUND,FUND,EQUITY,fondos-bolsa,Franklin U.S. Opportunities Fund A(acc)EUR,EUR,si
IE00BD4GTQ32,IE00BD4GTQ32.EUFUND,FUND,EQUITY,fondos-bolsa,FTGF ClearBridge Infrastructure Value Fund Class A Euro Accumulating,EUR,si
LU0690375182,LU0690375182.EUFUND,FUND,EQUITY,fondos-bolsa,Fundsmith Equity Fund T EUR Acc,EUR,si
LU0329430986,LU0329430986.EUFUND,FUND,EQUITY,fondos-bolsa,GAM Multistock - Luxury Brands Equity EUR E,EUR,si
LU0300507208,LU0300507208.EUFUND,FUND,EQUITY,fondos-bolsa,Generali Investments SICAV - Euro Future Leaders EX,EUR,si
ES0138911039,ES0138911039.EUFUND,FUND,EQUITY,fondos-bolsa,GESCONSULT RENTA VARIABLE EUROZONA  FI,EUR,si
ES0137381036,ES0137381036.EUFUND,FUND,EQUITY,fondos-bolsa,GESCONSULT RENTA VARIABLE IBERIA  FI,EUR,si
ES0168797092,ES0168797092.EUFUND,FUND,EQUITY,fondos-bolsa,GESTION BOUTIQUE II  FI,EUR,si
ES0168799056,ES0168799056.EUFUND,FUND,EQUITY,fondos-bolsa,GESTION BOUTIQUE IV  FI,EUR,si
ES0141991002,ES0141991002.EUFUND,FUND,EQUITY,fondos-bolsa,GESTION TALENTO  FI,EUR,si
ES0125323008,ES0125323008.EUFUND,FUND,EQUITY,fondos-bolsa,GESTION VALUE  FI,EUR,si
LU0273690064,LU0273690064.EUFUND,FUND,EQUITY,fondos-bolsa,Goldman Sachs Asia Equity Growth & Income - P Cap EUR,EUR,si
LU0133267202,LU0133267202.EUFUND,FUND,EQUITY,fondos-bolsa,Goldman Sachs Emerging Markets Equity Portfolio E Acc EUR,EUR,si
LU0102219945,LU0102219945.EUFUND,FUND,EQUITY,fondos-bolsa,Goldman Sachs Europe CORE Equity Portfolio Base Inc EUR,EUR,si
LU1542714578,LU1542714578.EUFUND,FUND,EQUITY,fondos-bolsa,Goldman Sachs Europe Sustainable Equity - X Cap EUR,EUR,si
LU0127786431,LU0127786431.EUFUND,FUND,EQUITY,fondos-bolsa,Goldman Sachs Eurozone Equity Income - P Cap EUR,EUR,si
LU0133264522,LU0133264522.EUFUND,FUND,EQUITY,fondos-bolsa,Goldman Sachs Global Equity Income Portfolio E Acc EUR,EUR,si
LU2094235707,LU2094235707.EUFUND,FUND,EQUITY,fondos-bolsa,Goldman Sachs Global Future Technology Leaders Equity Portfolio Class E Shares EUR Acc,EUR,si
LU0121204431,LU0121204431.EUFUND,FUND,EQUITY,fondos-bolsa,Goldman Sachs Global Sustainable Equity - X Cap EUR,EUR,si
LU0333810850,LU0333810850.EUFUND,FUND,EQUITY,fondos-bolsa,Goldman Sachs India Equity Portfolio E Acc EUR,EUR,si
FR0010288308,FR0010288308.EUFUND,FUND,EQUITY,fondos-bolsa,Groupama Avenir Euro NC,EUR,si
FR0010722348,FR0010722348.EUFUND,FUND,EQUITY,fondos-bolsa,Groupama Global Active Equity NC,EUR,si
LU1897556517,LU1897556517.EUFUND,FUND,EQUITY,fondos-bolsa,Groupama Global Disruption NC,EUR,si
ES0140643034,ES0140643034.EUFUND,FUND,EQUITY,fondos-bolsa,GVC GAESCO EUROPA  FI,EUR,si
ES0141113037,ES0141113037.EUFUND,FUND,EQUITY,fondos-bolsa,GVCGAESCO JAPON  FI,EUR,si
LU3038481936,LU3038481936.EUFUND,FUND,EQUITY,fondos-bolsa,Hamco SICAV - Global Value R EUR Acc,EUR,si
ES0146309002,ES0146309002.EUFUND,FUND,EQUITY,fondos-bolsa,HOROS VALUE INTERNACIONAL FI,EUR,si
LU0165074666,LU0165074666.EUFUND,FUND,EQUITY,fondos-bolsa,HSBC Global Investment Funds - Euroland Value AC,EUR,si
LU0165081950,LU0165081950.EUFUND,FUND,EQUITY,fondos-bolsa,HSBC Global Investment Funds - Euroland Value EC,EUR,si
LU0933684101,LU0933684101.EUFUND,FUND,EQUITY,fondos-bolsa,Incometric Equam Global Value A,EUR,si
LU2357235493,LU2357235493.EUFUND,FUND,EQUITY,fondos-bolsa,Incometric Fund Nartex Equity Fund A Cap EUR Accumulation,EUR,si
LU2357235576,LU2357235576.EUFUND,FUND,EQUITY,fondos-bolsa,Incometric Fund Nartex Equity Fund R Cap EUR Accumulation,EUR,si
ES0155142005,ES0155142005.EUFUND,FUND,EQUITY,fondos-bolsa,INTERMONEY VARIABLE EURO  FI,EUR,si
LU0115143082,LU0115143082.EUFUND,FUND,EQUITY,fondos-bolsa,Invesco Funds - Invesco Asia Opportunities Equity Fund E Accumulation EUR,EUR,si
LU1775950477,LU1775950477.EUFUND,FUND,EQUITY,fondos-bolsa,Invesco Funds - Invesco Asian Equity Fund E Accumulation EUR,EUR,si
LU0607512935,LU0607512935.EUFUND,FUND,EQUITY,fondos-bolsa,Invesco Funds - Invesco Developed Small and Mid-Cap Equity Fund E Accumulation EUR,EUR,si
LU0115139569,LU0115139569.EUFUND,FUND,EQUITY,fondos-bolsa,Invesco Funds - Invesco Global Consumer Trends Fund E Accumulation EUR,EUR,si
LU0607513586,LU0607513586.EUFUND,FUND,EQUITY,fondos-bolsa,Invesco Funds - Invesco Global Equity Income Fund E Accumulation EUR,EUR,si
LU2601038578,LU2601038578.EUFUND,FUND,EQUITY,fondos-bolsa,Invesco Funds - Invesco Global Founders & Owners Fund A Accumulation EUR,EUR,si
LU1762221155,LU1762221155.EUFUND,FUND,EQUITY,fondos-bolsa,Invesco Funds - Invesco Global Founders & Owners Fund E Accumulation EUR,EUR,si
LU0267984697,LU0267984697.EUFUND,FUND,EQUITY,fondos-bolsa,Invesco Funds - Invesco India Equity Fund E Accumulation EUR,EUR,si
LU0115141201,LU0115141201.EUFUND,FUND,EQUITY,fondos-bolsa,Invesco Funds - Invesco Pan European Equity Fund E Accumulation EUR,EUR,si
LU0028119013,LU0028119013.EUFUND,FUND,EQUITY,fondos-bolsa,Invesco Funds - Invesco Pan European Small Cap Equity Fund A Accumulation EUR,EUR,si
LU0119750205,LU0119750205.EUFUND,FUND,EQUITY,fondos-bolsa,Invesco Funds - Invesco Sustainable Pan European Systematic Equity Fund A Acc EUR,EUR,si
LU0119753308,LU0119753308.EUFUND,FUND,EQUITY,fondos-bolsa,Invesco Funds - Invesco Sustainable Pan European Systematic Equity Fund E Acc EUR,EUR,si
LU0011889846,LU0011889846.EUFUND,FUND,EQUITY,fondos-bolsa,Janus Henderson Horizon Euroland Fund A2 EUR,EUR,si
LU0264738294,LU0264738294.EUFUND,FUND,EQUITY,fondos-bolsa,Janus Henderson Horizon Global Property Equities Fund A2 EUR,EUR,si
LU0201075453,LU0201075453.EUFUND,FUND,EQUITY,fondos-bolsa,Janus Henderson Pan European Fund A2 EUR,EUR,si
LU0862450516,LU0862450516.EUFUND,FUND,EQUITY,fondos-bolsa,JPMorgan Funds - Emerging Markets Dividend Fund D (acc) EUR,EUR,si
LU0217576833,LU0217576833.EUFUND,FUND,EQUITY,fondos-bolsa,JPMorgan Funds - Emerging Markets Equity Fund D (acc) EUR,EUR,si
LU0661986348,LU0661986348.EUFUND,FUND,EQUITY,fondos-bolsa,JPMorgan Funds - Euroland Dynamic Fund D (perf) (acc) EUR,EUR,si
LU0117858166,LU0117858166.EUFUND,FUND,EQUITY,fondos-bolsa,JPMorgan Funds - Euroland Equity Fund D (acc) EUR,EUR,si
LU0119063039,LU0119063039.EUFUND,FUND,EQUITY,fondos-bolsa,JPMorgan Funds - Europe Dynamic Fund D (acc) EUR,EUR,si
LU0117884675,LU0117884675.EUFUND,FUND,EQUITY,fondos-bolsa,JPMorgan Funds - Europe Dynamic Technologies Fund D (acc) EUR,EUR,si
LU0117858596,LU0117858596.EUFUND,FUND,EQUITY,fondos-bolsa,JPMorgan Funds - Europe Equity Fund D (acc) EUR,EUR,si
LU0289089384,LU0289089384.EUFUND,FUND,EQUITY,fondos-bolsa,JPMorgan Funds - Europe Equity Plus Fund A (perf) (acc) EUR,EUR,si
LU0289214628,LU0289214628.EUFUND,FUND,EQUITY,fondos-bolsa,JPMorgan Funds - Europe Equity Plus Fund D (perf) (acc) EUR,EUR,si
LU0117859560,LU0117859560.EUFUND,FUND,EQUITY,fondos-bolsa,JPMorgan Funds - Europe Small Cap Fund D (acc) EUR,EUR,si
LU0117858679,LU0117858679.EUFUND,FUND,EQUITY,fondos-bolsa,JPMorgan Funds - Europe Strategic Growth Fund D (acc) EUR,EUR,si
LU0210531983,LU0210531983.EUFUND,FUND,EQUITY,fondos-bolsa,JPMorgan Funds - Europe Strategic Value Fund A (acc) EUR,EUR,si
LU0117858752,LU0117858752.EUFUND,FUND,EQUITY,fondos-bolsa,JPMorgan Funds - Europe Strategic Value Fund D (acc) EUR,EUR,si
LU0208853944,LU0208853944.EUFUND,FUND,EQUITY,fondos-bolsa,JPMorgan Funds - Global Natural Resources Fund D (acc) EUR,EUR,si
LU0522352516,LU0522352516.EUFUND,FUND,EQUITY,fondos-bolsa,JPMorgan Funds - India Fund D (acc) EUR,EUR,si
LU0329203656,LU0329203656.EUFUND,FUND,EQUITY,fondos-bolsa,JPMorgan Investment Funds - Global Dividend Fund D (acc) EUR (hedged),EUR,si
LU0157179127,LU0157179127.EUFUND,FUND,EQUITY,fondos-bolsa,JPMorgan Investment Funds - Global Select Equity Fund D (acc) EUR,EUR,si
LU0329206832,LU0329206832.EUFUND,FUND,EQUITY,fondos-bolsa,JPMorgan Investment Funds - Japan Strategic Value Fund D (acc) EUR,EUR,si
LU0260085492,LU0260085492.EUFUND,FUND,EQUITY,fondos-bolsa,Jupiter European Select Class L EUR Acc,EUR,si
IE00BYVJR916,IE00BYVJR916.EUFUND,FUND,EQUITY,fondos-bolsa,Jupiter Gold & Silver Fund L EUR Acc,EUR,si
LU0329070915,LU0329070915.EUFUND,FUND,EQUITY,fondos-bolsa,Jupiter India Select Class L EUR Acc,EUR,si
IE00BYR8H148,IE00BYR8H148.EUFUND,FUND,EQUITY,fondos-bolsa,Jupiter Merian World Equity Fund L EUR Acc,EUR,si
IE00BLP5S460,IE00BLP5S460.EUFUND,FUND,EQUITY,fondos-bolsa,JupiterMerian Global Equity Absolute Return Fund L (EUR) Hedged Acc,EUR,si
FR0000174310,FR0000174310.EUFUND,FUND,EQUITY,fondos-bolsa,Lazard Small Caps Euro I,EUR,si
IE00B87MS887,IE00B87MS887.EUFUND,FUND,EQUITY,fondos-bolsa,Liontrust GF Special Situations Fund A1 Acc EUR,EUR,si
LU2240056445,LU2240056445.EUFUND,FUND,EQUITY,fondos-bolsa,Lonvia Mid-Cap Euro Retail,EUR,si
LU2240056015,LU2240056015.EUFUND,FUND,EQUITY,fondos-bolsa,Lonvia Mid-Cap Europe Retail,EUR,si
LU1670618187,LU1670618187.EUFUND,FUND,EQUITY,fondos-bolsa,M&G (Lux) Asian Fund EUR A Acc,EUR,si
LU1670707527,LU1670707527.EUFUND,FUND,EQUITY,fondos-bolsa,M&G (Lux) European Strategic Value Fund EUR A Acc,EUR,si
LU1670710075,LU1670710075.EUFUND,FUND,EQUITY,fondos-bolsa,M&G (Lux) Global Dividend Fund EUR A Acc,EUR,si
LU1670618690,LU1670618690.EUFUND,FUND,EQUITY,fondos-bolsa,M&G (Lux) Global Emerging Markets Fund EUR A Acc,EUR,si
LU1665237704,LU1665237704.EUFUND,FUND,EQUITY,fondos-bolsa,M&G (Lux) Global Listed Infrastructure Fund EUR A Acc,EUR,si
LU1670626446,LU1670626446.EUFUND,FUND,EQUITY,fondos-bolsa,M&G (Lux) Japan Fund EUR A Acc,EUR,si
LU1670715975,LU1670715975.EUFUND,FUND,EQUITY,fondos-bolsa,M&G (Lux) Japan Smaller Companies Fund EUR A Acc,EUR,si
ES0159259011,ES0159259011.EUFUND,FUND,EQUITY,fondos-bolsa,MAGALLANES EUROPEAN EQUITY FI,EUR,si
ES0159201013,ES0159201013.EUFUND,FUND,EQUITY,fondos-bolsa,MAGALLANES IBERIAN EQUITY FI,EUR,si
LU1330191542,LU1330191542.EUFUND,FUND,EQUITY,fondos-bolsa,Magallanes Value Investors UCITS European Equity R EUR,EUR,si
ES0162332037,ES0162332037.EUFUND,FUND,EQUITY,fondos-bolsa,MERCHFONDO  FI,EUR,si
ES0162368007,ES0162368007.EUFUND,FUND,EQUITY,fondos-bolsa,METAVALOR INTERNACIONAL  FI,EUR,si
LU0094557526,LU0094557526.EUFUND,FUND,EQUITY,fondos-bolsa,MFS Meridian Funds - European Research Fund A1 EUR,EUR,si
LU0125951151,LU0125951151.EUFUND,FUND,EQUITY,fondos-bolsa,MFS Meridian Funds - European Value Fund A1 EUR,EUR,si
LU2295319300,LU2295319300.EUFUND,FUND,EQUITY,fondos-bolsa,Morgan Stanley Investment Funds - Global Brands Fund A (EUR),EUR,si
LU2337806421,LU2337806421.EUFUND,FUND,EQUITY,fondos-bolsa,Morgan Stanley Investment Funds - Global Endurance Fund A EUR Acc,EUR,si
LU2295320068,LU2295320068.EUFUND,FUND,EQUITY,fondos-bolsa,Morgan Stanley Investment Funds - Global Insight Fund A (EUR),EUR,si
ES0184894006,ES0184894006.EUFUND,FUND,EQUITY,fondos-bolsa,MYINVESTOR MUNDO DESARROLLADO Y EMERGENTE  FI,EUR,si
ES0165242001,ES0165242001.EUFUND,FUND,EQUITY,fondos-bolsa,MYINVESTOR S&P500 EQUIPONDERADO  FI,EUR,si
ES0165243025,ES0165243025.EUFUND,FUND,EQUITY,fondos-bolsa,MYINVESTOR VALUE  FI,EUR,si
LU0935230242,LU0935230242.EUFUND,FUND,EQUITY,fondos-bolsa,Natixis AM Funds - Ostrum Europe MinVol RE/A (EUR),EUR,si
LU1951204046,LU1951204046.EUFUND,FUND,EQUITY,fondos-bolsa,Natixis International Funds (Lux) I - Mirova Thematic Meta R/A (EUR),EUR,si
LU2743151057,LU2743151057.EUFUND,FUND,EQUITY,fondos-bolsa,Natixis International Funds (Lux) I - Ossiam Shiller Barclays CAPE® US Fund R/A (EUR),EUR,si
LU2338974699,LU2338974699.EUFUND,FUND,EQUITY,fondos-bolsa,Natixis International Funds (Lux) I - WCM Select Global Growth Equity Fund F/A (EUR),EUR,si
IE00BMD7ZB71,IE00BMD7ZB71.EUFUND,FUND,EQUITY,fondos-bolsa,Neuberger Berman Next Generation Connectivity Fund EUR A Accumulating Class - Unhedged,EUR,si
LU1578889864,LU1578889864.EUFUND,FUND,EQUITY,fondos-bolsa,Ninety One Global Strategy Fund - Global Gold Fund A Acc EUR Hedged(Reference),EUR,si
LU0173782102,LU0173782102.EUFUND,FUND,EQUITY,fondos-bolsa,Nordea 1 - Asia ex Japan Equity Fund BP EUR,EUR,si
LU0602539867,LU0602539867.EUFUND,FUND,EQUITY,fondos-bolsa,Nordea 1 - Emerging Sustainable Stars Equity Fund BP EUR,EUR,si
LU0348926287,LU0348926287.EUFUND,FUND,EQUITY,fondos-bolsa,Nordea 1 - Global Climate and Environment Fund BP EUR,EUR,si
LU0348927251,LU0348927251.EUFUND,FUND,EQUITY,fondos-bolsa,Nordea 1 - Global Climate and Environment Fund E EUR,EUR,si
LU1939214695,LU1939214695.EUFUND,FUND,EQUITY,fondos-bolsa,Nordea 1 - Global Diversity Engagement Fund BP EUR,EUR,si
LU0112467450,LU0112467450.EUFUND,FUND,EQUITY,fondos-bolsa,Nordea 1 - Global Stable Equity Fund BP EUR,EUR,si
LU0637335638,LU0637335638.EUFUND,FUND,EQUITY,fondos-bolsa,Nordea 1 - Indian Equity Fund BP EUR,EUR,si
LU0309468980,LU0309468980.EUFUND,FUND,EQUITY,fondos-bolsa,Nordea 1 - Latin American Equity Fund E EUR,EUR,si
FR0000989899,FR0000989899.EUFUND,FUND,EQUITY,fondos-bolsa,Oddo BHF Avenir CR-EUR,EUR,si
FR0000989915,FR0000989915.EUFUND,FUND,EQUITY,fondos-bolsa,Oddo BHF Immobilier CR-EUR,EUR,si
ES0114633003,ES0114633003.EUFUND,FUND,EQUITY,fondos-bolsa,PANDA AGRICULTURE & WATER FUND  FI,EUR,si
LU0280435388,LU0280435388.EUFUND,FUND,EQUITY,fondos-bolsa,Pictet - Clean Energy Transition P EUR,EUR,si
LU0503631714,LU0503631714.EUFUND,FUND,EQUITY,fondos-bolsa,Pictet - Global Environmental Opportunities P EUR,EUR,si
LU1279334483,LU1279334483.EUFUND,FUND,EQUITY,fondos-bolsa,Pictet - Robotics R EUR,EUR,si
LU0280435461,LU0280435461.EUFUND,FUND,EQUITY,fondos-bolsa,Pictet-Clean Energy Transition R EUR,EUR,si
LU0391944815,LU0391944815.EUFUND,FUND,EQUITY,fondos-bolsa,Pictet-Global Megatrend Selection R EUR,EUR,si
LU0217139020,LU0217139020.EUFUND,FUND,EQUITY,fondos-bolsa,Pictet-Premium Brands P EUR,EUR,si
LU0270905242,LU0270905242.EUFUND,FUND,EQUITY,fondos-bolsa,Pictet-Security R EUR,EUR,si
LU0340559557,LU0340559557.EUFUND,FUND,EQUITY,fondos-bolsa,Pictet-Timber P EUR,EUR,si
IE00BF0GL212,IE00BF0GL212.EUFUND,FUND,EQUITY,fondos-bolsa,Polar Capital Funds PLC - Artificial Intelligence Fund RAcc,EUR,si
IE00B3VXGD32,IE00B3VXGD32.EUFUND,FUND,EQUITY,fondos-bolsa,Polar Capital Funds PLC - Biotechnology Fund R Inc,EUR,si
IE00B52VLZ70,IE00B52VLZ70.EUFUND,FUND,EQUITY,fondos-bolsa,Polar Capital Funds PLC - Polar Capital Global Insurance Fund R Acc,EUR,si
IE00BM95B621,IE00BM95B621.EUFUND,FUND,EQUITY,fondos-bolsa,Polar Capital Funds PLC - Polar Capital Global Technology Fund R Acc,EUR,si
IE00BZ4D7648,IE00BZ4D7648.EUFUND,FUND,EQUITY,fondos-bolsa,Polar Capital Funds PLC - Polar Capital Global Technology Fund R EUR Hedged Accumulation,EUR,si
IE00B28YJQ65,IE00B28YJQ65.EUFUND,FUND,EQUITY,fondos-bolsa,Polar Capital Funds PLC - Polar Capital Healthcare Opportunities Fund Inc,EUR,si
IE00B3NLSS43,IE00B3NLSS43.EUFUND,FUND,EQUITY,fondos-bolsa,Polar Capital Funds PLC - Polar Capital Healthcare Opportunities Fund R Inc,EUR,si
IE00BKSBDB61,IE00BKSBDB61.EUFUND,FUND,EQUITY,fondos-bolsa,Polar Capital Funds PLC - Polar Capital Healthcare Opportunities R Acc,EUR,si
LU0704154706,LU0704154706.EUFUND,FUND,EQUITY,fondos-bolsa,RAM (Lux) Systematic Funds - Emerging Markets Equities O EUR,EUR,si
LU0835722488,LU0835722488.EUFUND,FUND,EQUITY,fondos-bolsa,RAM (Lux) Systematic Funds - Emerging Markets Equities OP EUR,EUR,si
LU0084617165,LU0084617165.EUFUND,FUND,EQUITY,fondos-bolsa,Robeco Asia-Pacific Equities D €,EUR,si
LU0203975437,LU0203975437.EUFUND,FUND,EQUITY,fondos-bolsa,Robeco BP Global Premium Equities D EUR,EUR,si
LU0320896664,LU0320896664.EUFUND,FUND,EQUITY,fondos-bolsa,Robeco BP US Premium Equities DH €,EUR,si
LU0254836850,LU0254836850.EUFUND,FUND,EQUITY,fondos-bolsa,Robeco Capital Growth Funds - Robeco Emerging Stars Equities D EUR,EUR,si
LU0187079347,LU0187079347.EUFUND,FUND,EQUITY,fondos-bolsa,Robeco Global Consumer Trends D EUR,EUR,si
LU0554840230,LU0554840230.EUFUND,FUND,EQUITY,fondos-bolsa,Robeco Global Consumer Trends Equities M €,EUR,si
LU0387754996,LU0387754996.EUFUND,FUND,EQUITY,fondos-bolsa,Robeco Global Stars Equities D EUR,EUR,si
LU0491217419,LU0491217419.EUFUND,FUND,EQUITY,fondos-bolsa,Robeco Indian Equities D €,EUR,si
LU0329355670,LU0329355670.EUFUND,FUND,EQUITY,fondos-bolsa,Robeco QI Emerging Markets Active Equities D €,EUR,si
LU2145461757,LU2145461757.EUFUND,FUND,EQUITY,fondos-bolsa,Robeco Smart Energy D-EUR Capitalisation,EUR,si
LU2145463373,LU2145463373.EUFUND,FUND,EQUITY,fondos-bolsa,Robeco Smart Energy M2-EUR Capitalisation,EUR,si
LU2133220793,LU2133220793.EUFUND,FUND,EQUITY,fondos-bolsa,Robeco Sustainable Asian Stars Equities DL EUR,EUR,si
LU2146190835,LU2146190835.EUFUND,FUND,EQUITY,fondos-bolsa,Robeco Sustainable Water D-EUR Capitalisation,EUR,si
ES0170141008,ES0170141008.EUFUND,FUND,EQUITY,fondos-bolsa,SANTALUCIA QUALITY ACCIONES EUROPEAS  FI,EUR,si
LU0248184466,LU0248184466.EUFUND,FUND,EQUITY,fondos-bolsa,Schroder International Selection Fund Asian Opportunities A Accumulation EUR,EUR,si
LU0248183906,LU0248183906.EUFUND,FUND,EQUITY,fondos-bolsa,Schroder International Selection Fund Asian Opportunities B Accumulation EUR,EUR,si
LU0248172537,LU0248172537.EUFUND,FUND,EQUITY,fondos-bolsa,Schroder International Selection Fund Emerging Asia A Accumulation EUR,EUR,si
LU0248174152,LU0248174152.EUFUND,FUND,EQUITY,fondos-bolsa,Schroder International Selection Fund Emerging Asia A1 Accumulation EUR,EUR,si
LU0248173006,LU0248173006.EUFUND,FUND,EQUITY,fondos-bolsa,Schroder International Selection Fund Emerging Asia B Accumulation EUR,EUR,si
LU0321373184,LU0321373184.EUFUND,FUND,EQUITY,fondos-bolsa,Schroder International Selection Fund European Dividend Maximiser B Distribution QF,EUR,si
LU0161305163,LU0161305163.EUFUND,FUND,EQUITY,fondos-bolsa,Schroder International Selection Fund European Value A Accumulation EUR,EUR,si
LU0161304786,LU0161304786.EUFUND,FUND,EQUITY,fondos-bolsa,Schroder International Selection Fund European Value A1 Accumulation EUR,EUR,si
LU0161305593,LU0161305593.EUFUND,FUND,EQUITY,fondos-bolsa,Schroder International Selection Fund European Value B Accumulation EUR,EUR,si
LU2016064201,LU2016064201.EUFUND,FUND,EQUITY,fondos-bolsa,Schroder International Selection Fund Global Alternative Energy A Accumulation EUR Hedged,EUR,si
LU0302446645,LU0302446645.EUFUND,FUND,EQUITY,fondos-bolsa,Schroder International Selection Fund Global Climate Change Equity A Accumulation EUR,EUR,si
LU0302446991,LU0302446991.EUFUND,FUND,EQUITY,fondos-bolsa,Schroder International Selection Fund Global Climate Change Equity B Accumulation EUR,EUR,si
LU0279459456,LU0279459456.EUFUND,FUND,EQUITY,fondos-bolsa,Schroder International Selection Fund Global Emerging Market Opportunities A Accumulation EUR,EUR,si
LU0248168428,LU0248168428.EUFUND,FUND,EQUITY,fondos-bolsa,Schroder International Selection Fund Global Equity Alpha A Accumulation EUR,EUR,si
LU0248167537,LU0248167537.EUFUND,FUND,EQUITY,fondos-bolsa,Schroder International Selection Fund Global Equity Alpha A1 Accumulation EUR,EUR,si
LU0248168261,LU0248168261.EUFUND,FUND,EQUITY,fondos-bolsa,Schroder International Selection Fund Global Equity Alpha B Accumulation EUR,EUR,si
LU1223083087,LU1223083087.EUFUND,FUND,EQUITY,fondos-bolsa,Schroder International Selection Fund Global Gold A Accumulation EUR Hedged,EUR,si
LU0279460892,LU0279460892.EUFUND,FUND,EQUITY,fondos-bolsa,Schroder International Selection Fund Global Smaller Companies A1 Accumulation EUR,EUR,si
LU0365775922,LU0365775922.EUFUND,FUND,EQUITY,fondos-bolsa,Schroder International Selection Fund Greater China A Accumulation EUR,EUR,si
LU0236738190,LU0236738190.EUFUND,FUND,EQUITY,fondos-bolsa,Schroder International Selection Fund Japanese Equity B Accumulation EUR Hedged,EUR,si
LU0248181363,LU0248181363.EUFUND,FUND,EQUITY,fondos-bolsa,Schroder International Selection Fund Latin American A Accumulation EUR,EUR,si
LU0248184383,LU0248184383.EUFUND,FUND,EQUITY,fondos-bolsa,Schroder International Selection Fund Latin American A1 Accumulation EUR,EUR,si
LU0248183815,LU0248183815.EUFUND,FUND,EQUITY,fondos-bolsa,Schroder International Selection Fund Latin American B Accumulation EUR,EUR,si
IE00B2NXKW18,IE00B2NXKW18.EUFUND,FUND,EQUITY,fondos-bolsa,Seilern World Growth EUR U R,EUR,si
FR0010547869,FR0010547869.EUFUND,FUND,EQUITY,fondos-bolsa,Sextant PME A,EUR,si
LU2375689580,LU2375689580.EUFUND,FUND,EQUITY,fondos-bolsa,Sigma Investment House FCP - Global Equity A EUR Income,EUR,si
LU1899019175,LU1899019175.EUFUND,FUND,EQUITY,fondos-bolsa,Sigma Investment House FCP - Smart Horizon Class A EUR Accumulation,EUR,si
ES0170865002,ES0170865002.EUFUND,FUND,EQUITY,fondos-bolsa,SIGMA INVESTMENT HOUSE HEALTHCARE  FI,EUR,si
LU0986194024,LU0986194024.EUFUND,FUND,EQUITY,fondos-bolsa,SIH FCP - Equity Europe A Classic,EUR,si
LU1066281574,LU1066281574.EUFUND,FUND,EQUITY,fondos-bolsa,SIH FCP - Equity Spain A Classic,EUR,si
LU1301026388,LU1301026388.EUFUND,FUND,EQUITY,fondos-bolsa,Sycomore Fund SICAV - Sycomore Europe Happy@Work RC EUR,EUR,si
LU0918140210,LU0918140210.EUFUND,FUND,EQUITY,fondos-bolsa,T. Rowe Price Funds SICAV - US Smaller Companies Equity Fund A (EUR),EUR,si
LU0188151921,LU0188151921.EUFUND,FUND,EQUITY,fondos-bolsa,Templeton Emerging Markets Fund N(acc)EUR,EUR,si
LU0128521001,LU0128521001.EUFUND,FUND,EQUITY,fondos-bolsa,Templeton European Insights Fund Class N (acc) EUR,EUR,si
LU1088692675,LU1088692675.EUFUND,FUND,EQUITY,fondos-bolsa,UBAM - Global Equity AC EUR,EUR,si
LU2131365186,LU2131365186.EUFUND,FUND,EQUITY,fondos-bolsa,UBS (Lux) Equity Fund - China Opportunity (USD) P EUR acc,EUR,si
LU0153925689,LU0153925689.EUFUND,FUND,EQUITY,fondos-bolsa,UBS (Lux) Key Selection SICAV - European Equity Value Opportunity (EUR) P-acc,EUR,si
IE00BDH6RQ67,IE00BDH6RQ67.EUFUND,FUND,EQUITY,fondos-bolsa,UTI India Dynamic Equity EURO Retail,EUR,si
ES0182769002,ES0182769002.EUFUND,FUND,EQUITY,fondos-bolsa,VALENTUM  FI,EUR,si
IE00B03HCZ61,IE00B03HCZ61.EUFUND,FUND,EQUITY,fondos-bolsa,Vanguard Global Stock Index Fund Investor EUR Accumulation,EUR,si
LU0153585137,LU0153585137.EUFUND,FUND,EQUITY,fondos-bolsa,Vontobel Fund - European Equity B EUR Cap,EUR,si
IE00B8BPMF80,IE00B8BPMF80.EUFUND,FUND,EQUITY,fondos-bolsa,Wellington Strategic European Equity Fund EUR D Ac,EUR,si
ES0156873004,ES0156873004.EUFUND,FUND,FIXED_INCOME,fondos-bonos,A&G RENTA FIJA CORTO PLAZO  FI,EUR,si
LU1021288268,LU1021288268.EUFUND,FUND,FIXED_INCOME,fondos-bonos,AB FCP I - Mortgage Income Portfolio A2 EUR Acc,EUR,si
LU1919971074,LU1919971074.EUFUND,FUND,FIXED_INCOME,fondos-bonos,abrdn SICAV I - Frontier Markets Bond Fund A Acc Hedged EUR,EUR,si
LU1254412460,LU1254412460.EUFUND,FUND,FIXED_INCOME,fondos-bonos,abrdn SICAV I - Indian Bond Fund A Acc EUR,EUR,si
LU0177497491,LU0177497491.EUFUND,FUND,FIXED_INCOME,fondos-bonos,abrdn SICAV II-Euro Corporate Bond Fund A Acc EUR,EUR,si
IE00B8J38129,IE00B8J38129.EUFUND,FUND,FIXED_INCOME,fondos-bonos,Algebris UCITS Funds plc - Algebris Financial Credit Fund R EUR Acc,EUR,si
LU1079477284,LU1079477284.EUFUND,FUND,FIXED_INCOME,fondos-bonos,Allianz Emerging Markets Short Duration Bond AT (H2-EUR),EUR,si
FR0011387299,FR0011387299.EUFUND,FUND,FIXED_INCOME,fondos-bonos,Allianz Euro Oblig Court Terme ISR RC,EUR,si
LU1951921383,LU1951921383.EUFUND,FUND,FIXED_INCOME,fondos-bonos,Allianz Global Investors Fund - Allianz Credit Opportunities AT EUR,EUR,si
LU2002383896,LU2002383896.EUFUND,FUND,FIXED_INCOME,fondos-bonos,Allianz Global Investors Fund - Allianz Credit Opportunities Plus AT EUR,EUR,si
LU1089088741,LU1089088741.EUFUND,FUND,FIXED_INCOME,fondos-bonos,Allianz Global Investors Fund - Allianz Floating Rate Notes Plus VarioZins AT EUR,EUR,si
LU1383852487,LU1383852487.EUFUND,FUND,FIXED_INCOME,fondos-bonos,Allianz Global Investors Fund - Allianz Floating Rate Notes Plus VarioZins AT2 EUR,EUR,si
ES0126542036,ES0126542036.EUFUND,FUND,FIXED_INCOME,fondos-bonos,AMUNDI CORTO PLAZO  FI,EUR,si
FR0010829697,FR0010829697.EUFUND,FUND,FIXED_INCOME,fondos-bonos,Amundi Enhanced Ultra Short Term Bond Select P-C,EUR,si
LU1161086159,LU1161086159.EUFUND,FUND,FIXED_INCOME,fondos-bonos,Amundi Funds - Emerging Markets Blended Bond A EUR (C),EUR,si
LU1882457143,LU1882457143.EUFUND,FUND,FIXED_INCOME,fondos-bonos,Amundi Funds - Emerging Markets Corporate High Yield Bond A EUR (C),EUR,si
LU1882457739,LU1882457739.EUFUND,FUND,FIXED_INCOME,fondos-bonos,Amundi Funds - Emerging Markets Corporate High Yield Bond C EUR (C),EUR,si
LU1882462655,LU1882462655.EUFUND,FUND,FIXED_INCOME,fondos-bonos,Amundi Funds - Emerging Markets Short Term Bond A2 EUR (C),EUR,si
LU1882462739,LU1882462739.EUFUND,FUND,FIXED_INCOME,fondos-bonos,Amundi Funds - Emerging Markets Short Term Bond A2 EUR Hgd (C),EUR,si
LU1883334275,LU1883334275.EUFUND,FUND,FIXED_INCOME,fondos-bonos,Amundi Funds - Global Subordinated Bond A EUR (C),EUR,si
LU1706854152,LU1706854152.EUFUND,FUND,FIXED_INCOME,fondos-bonos,Amundi S.F. - Diversified Short-Term Bond Select A EUR ND,EUR,si
LU1499628912,LU1499628912.EUFUND,FUND,FIXED_INCOME,fondos-bonos,Amundi S.F. - Diversified Short-Term Bond Select E EUR ND,EUR,si
FR0011365212,FR0011365212.EUFUND,FUND,FIXED_INCOME,fondos-bonos,Amundi Ultra Short Term Bond Responsible E C,EUR,si
FR0050000860,FR0050000860.EUFUND,FUND,FIXED_INCOME,fondos-bonos,Amundi Ultra Short Term Bond Responsible P C,EUR,si
ES0111166031,ES0111166031.EUFUND,FUND,FIXED_INCOME,fondos-bonos,ATL CAPITAL CORTO PLAZO  FI,EUR,si
LU1738492658,LU1738492658.EUFUND,FUND,FIXED_INCOME,fondos-bonos,Aviva Investors - Short Duration Global High Yield Bond Fund Ah EUR Acc,EUR,si
FR0010950055,FR0010950055.EUFUND,FUND,FIXED_INCOME,fondos-bonos,AXA IM Euro 6M E,EUR,si
LU0658026512,LU0658026512.EUFUND,FUND,FIXED_INCOME,fondos-bonos,AXA IM Fixed Income Investment Strategies - Europe Short Duration High Yield E Capitalisation EUR,EUR,si
LU1164219682,LU1164219682.EUFUND,FUND,FIXED_INCOME,fondos-bonos,AXA World Funds - Euro Credit Total Return A Capitalisation EUR,EUR,si
LU1164220854,LU1164220854.EUFUND,FUND,FIXED_INCOME,fondos-bonos,AXA World Funds - Euro Credit Total Return E Capitalisation EUR,EUR,si
LU0251661590,LU0251661590.EUFUND,FUND,FIXED_INCOME,fondos-bonos,AXA World Funds - Euro Long Duration Bonds E Capitalisation EUR,EUR,si
LU0251660279,LU0251660279.EUFUND,FUND,FIXED_INCOME,fondos-bonos,AXA World Funds - Euro Strategic Bonds E Capitalisation EUR,EUR,si
LU1353951376,LU1353951376.EUFUND,FUND,FIXED_INCOME,fondos-bonos,AXA World Funds - Global Inflation Short Duration Bonds E Capitalisation EUR (Hedged),EUR,si
LU2697545247,LU2697545247.EUFUND,FUND,FIXED_INCOME,fondos-bonos,BGF Euro Investment Grade Fixed Maturity Bond Fund 2028 A2,EUR,si
LU0438336694,LU0438336694.EUFUND,FUND,FIXED_INCOME,fondos-bonos,BlackRock ESG Fixed Income Strategies Fund E2 EUR,EUR,si
LU2267099674,LU2267099674.EUFUND,FUND,FIXED_INCOME,fondos-bonos,BlackRock Global Funds - China Bond Fund Class A2 USD,EUR,si
LU0413376566,LU0413376566.EUFUND,FUND,FIXED_INCOME,fondos-bonos,BlackRock Global Funds - Emerging Markets Bond Fund A2 Hedged,EUR,si
LU0200684180,LU0200684180.EUFUND,FUND,FIXED_INCOME,fondos-bonos,BlackRock Global Funds - Emerging Markets Bond Fund E2,EUR,si
LU0162660350,LU0162660350.EUFUND,FUND,FIXED_INCOME,fondos-bonos,BlackRock Global Funds - Euro Corporate Bond Fund A1,EUR,si
LU2697545163,LU2697545163.EUFUND,FUND,FIXED_INCOME,fondos-bonos,BlackRock Global Funds - Euro High Yield Fixed Maturity Bond Fund 2027 Class A2,EUR,si
LU1191877379,LU1191877379.EUFUND,FUND,FIXED_INCOME,fondos-bonos,BlackRock Global Funds - European High Yield Bond Fund A2,EUR,si
LU0425308169,LU0425308169.EUFUND,FUND,FIXED_INCOME,fondos-bonos,BlackRock Global Funds - Global Inflation Linked Bond Fund A2 EUR Hedged,EUR,si
LU0823394852,LU0823394852.EUFUND,FUND,FIXED_INCOME,fondos-bonos,BNP Paribas Funds Global Convertible Classic RH EUR Capitalisation,EUR,si
IE00B11YFH93,IE00B11YFH93.EUFUND,FUND,FIXED_INCOME,fondos-bonos,BNY Mellon Emerging Markets Debt Local Currency Fund EUR A Acc,EUR,si
IE0032722484,IE0032722484.EUFUND,FUND,FIXED_INCOME,fondos-bonos,BNY Mellon Euroland Bond Fund EUR C Acc,EUR,si
IE00BD5CTX77,IE00BD5CTX77.EUFUND,FUND,FIXED_INCOME,fondos-bonos,BNY Mellon Global Short-Dated High Yield Bond Fund EUR H Acc Hedged,EUR,si
LU2278574988,LU2278574988.EUFUND,FUND,FIXED_INCOME,fondos-bonos,Buy & Hold Luxembourg B&H Bond Class 2,EUR,si
LU2098772366,LU2098772366.EUFUND,FUND,FIXED_INCOME,fondos-bonos,Candriam Bonds Credit Alpha C EUR,EUR,si
LU0151324935,LU0151324935.EUFUND,FUND,FIXED_INCOME,fondos-bonos,Candriam Bonds Credit Opportunities Class N EUR Cap,EUR,si
LU0594539719,LU0594539719.EUFUND,FUND,FIXED_INCOME,fondos-bonos,Candriam Bonds Emerging Markets Class C EUR Hedged Cap,EUR,si
LU0077500055,LU0077500055.EUFUND,FUND,FIXED_INCOME,fondos-bonos,Candriam Bonds Euro Corporate 2036 Class C EUR Cap,EUR,si
LU0144751095,LU0144751095.EUFUND,FUND,FIXED_INCOME,fondos-bonos,Candriam Bonds Euro High Yield Class N EUR Cap,EUR,si
LU1838941372,LU1838941372.EUFUND,FUND,FIXED_INCOME,fondos-bonos,Candriam Bonds Floating Rate Notes C EUR Cap,EUR,si
LU0170293632,LU0170293632.EUFUND,FUND,FIXED_INCOME,fondos-bonos,Candriam Bonds Global High Yield Class N EUR Cap,EUR,si
LU0165520114,LU0165520114.EUFUND,FUND,FIXED_INCOME,fondos-bonos,Candriam Bonds Global Inflation Short Duration Class C EUR Cap,EUR,si
LU1623762843,LU1623762843.EUFUND,FUND,FIXED_INCOME,fondos-bonos,Carmignac Pf Credit A EUR Acc,EUR,si
LU0336084032,LU0336084032.EUFUND,FUND,FIXED_INCOME,fondos-bonos,Carmignac Pf Flexible Bond A EUR Acc,EUR,si
LU1299306321,LU1299306321.EUFUND,FUND,FIXED_INCOME,fondos-bonos,Carmignac Portfolio Sécurité AW EUR Acc,EUR,si
FR0010149120,FR0010149120.EUFUND,FUND,FIXED_INCOME,fondos-bonos,Carmignac Sécurité AW EUR Acc,EUR,si
ES0116419005,ES0116419005.EUFUND,FUND,FIXED_INCOME,fondos-bonos,CARTERA RENTA FIJA HORIZONTE 2026 FI,EUR,si
ES0162295002,ES0162295002.EUFUND,FUND,FIXED_INCOME,fondos-bonos,CARTERA RENTA FIJA HORIZONTE 2027  FI,EUR,si
ES0162296000,ES0162296000.EUFUND,FUND,FIXED_INCOME,fondos-bonos,CARTERA RENTA FIJA HORIZONTE 2028  FI,EUR,si
LU1902444584,LU1902444584.EUFUND,FUND,FIXED_INCOME,fondos-bonos,CPR Invest - Climate Bonds Euro - A EUR - Acc,EUR,si
LU0607225447,LU0607225447.EUFUND,FUND,FIXED_INCOME,fondos-bonos,CT (Lux) Global Convertible Bond Fund A Acc EUR Hdg,EUR,si
LU1694789451,LU1694789451.EUFUND,FUND,FIXED_INCOME,fondos-bonos,DNCA Invest Alpha Bonds A EUR,EUR,si
BE0943877671,BE0943877671.EUFUND,FUND,FIXED_INCOME,fondos-bonos,DPAM B - Bonds Eur Government B Cap,EUR,si
LU0080237943,LU0080237943.EUFUND,FUND,FIXED_INCOME,fondos-bonos,DWS Euro Ultra Short Fixed Income Fund NC,EUR,si
LU0034353002,LU0034353002.EUFUND,FUND,FIXED_INCOME,fondos-bonos,DWS Floating Rate Notes LC,EUR,si
LU1982200609,LU1982200609.EUFUND,FUND,FIXED_INCOME,fondos-bonos,DWS Invest Corporate Green Bonds LC,EUR,si
LU0145656715,LU0145656715.EUFUND,FUND,FIXED_INCOME,fondos-bonos,DWS Invest ESG Euro Bonds (Short) NC,EUR,si
LU1965927921,LU1965927921.EUFUND,FUND,FIXED_INCOME,fondos-bonos,DWS Invest ESG Floating Rate Notes LC,EUR,si
LU0616839501,LU0616839501.EUFUND,FUND,FIXED_INCOME,fondos-bonos,DWS Invest Euro High Yield Corporates LC,EUR,si
FR0010839282,FR0010839282.EUFUND,FUND,FIXED_INCOME,fondos-bonos,Echiquier Short Term Credit SRI A,EUR,si
ES0127795005,ES0127795005.EUFUND,FUND,FIXED_INCOME,fondos-bonos,EDM RENTA  FI,EUR,si
ES0168673038,ES0168673038.EUFUND,FUND,FIXED_INCOME,fondos-bonos,EDM-AHORRO  FI,EUR,si
LU1161526576,LU1161526576.EUFUND,FUND,FIXED_INCOME,fondos-bonos,Edmond de Rothschild Fund - Bond Allocation R EUR Acc,EUR,si
LU1080015693,LU1080015693.EUFUND,FUND,FIXED_INCOME,fondos-bonos,Edmond de Rothschild Fund - Emerging Credit A EUR Hedged,EUR,si
FR0010172767,FR0010172767.EUFUND,FUND,FIXED_INCOME,fondos-bonos,EdR SICAV - Euro Sustainable Credit A EUR,EUR,si
FR0013201001,FR0013201001.EUFUND,FUND,FIXED_INCOME,fondos-bonos,EdR SICAV - Euro Sustainable Credit R EUR,EUR,si
FR0014008W22,FR0014008W22.EUFUND,FUND,FIXED_INCOME,fondos-bonos,EdR SICAV - Millesima World 2028 A EUR,EUR,si
FR0013460920,FR0013460920.EUFUND,FUND,FIXED_INCOME,fondos-bonos,EdR SICAV - Short Duration Credit A EUR,EUR,si
FR0013460961,FR0013460961.EUFUND,FUND,FIXED_INCOME,fondos-bonos,EdR SICAV - Short Duration Credit B EUR,EUR,si
FR001400JGB5,FR001400JGB5.EUFUND,FUND,FIXED_INCOME,fondos-bonos,EdR SICAV Millesima Select 2028 A Eur,EUR,si
LU1529955046,LU1529955046.EUFUND,FUND,FIXED_INCOME,fondos-bonos,Eurizon Fund - Bond Aggregate RMB Class R EUR Acc,EUR,si
LU2482630162,LU2482630162.EUFUND,FUND,FIXED_INCOME,fondos-bonos,European Specialist Investment Funds - M&G European Credit Investment Fund Class P EUR Acc,EUR,si
FI0008801097,FI0008801097.EUFUND,FUND,FIXED_INCOME,fondos-bonos,Evli Corporate Bond B,EUR,si
FI0008804463,FI0008804463.EUFUND,FUND,FIXED_INCOME,fondos-bonos,Evli Euro Liquidity B,EUR,si
FI0008803929,FI0008803929.EUFUND,FUND,FIXED_INCOME,fondos-bonos,Evli European High Yield B,EUR,si
FI0008811997,FI0008811997.EUFUND,FUND,FIXED_INCOME,fondos-bonos,Evli Nordic Corporate Bond B,EUR,si
FI0008800511,FI0008800511.EUFUND,FUND,FIXED_INCOME,fondos-bonos,Evli Short Corporate Bond B,EUR,si
LU0267388220,LU0267388220.EUFUND,FUND,FIXED_INCOME,fondos-bonos,Fidelity Funds - Euro Short Term Bond Fund A-Acc-EUR,EUR,si
LU0353649352,LU0353649352.EUFUND,FUND,FIXED_INCOME,fondos-bonos,Fidelity Funds - Global Inflation-linked Bond Fund E-Acc-EUR (hedged),EUR,si
LU1481583711,LU1481583711.EUFUND,FUND,FIXED_INCOME,fondos-bonos,Flossbach von Storch - Bond Opportunities RT,EUR,si
LU1022658667,LU1022658667.EUFUND,FUND,FIXED_INCOME,fondos-bonos,Franklin Euro Short Duration Bond Fund A(acc)EUR,EUR,si
LU0170473374,LU0170473374.EUFUND,FUND,FIXED_INCOME,fondos-bonos,Franklin European Total Return Fund A(acc)EUR,EUR,si
LU0169250635,LU0169250635.EUFUND,FUND,FIXED_INCOME,fondos-bonos,Generali Investments SICAV - Euro Bond Fund EX,EUR,si
ES0138922036,ES0138922036.EUFUND,FUND,FIXED_INCOME,fondos-bonos,GESCONSULT CORTO PLAZO  FI - CLASE A,EUR,si
ES0138922002,ES0138922002.EUFUND,FUND,FIXED_INCOME,fondos-bonos,GESCONSULT HORIZONTE 2025  FI,EUR,si
ES0140986011,ES0140986011.EUFUND,FUND,FIXED_INCOME,fondos-bonos,GESCONSULT OPORTUNIDAD RENTA FIJA  FI,EUR,si
LU0501220429,LU0501220429.EUFUND,FUND,FIXED_INCOME,fondos-bonos,Global Evolution Funds - Frontier Markets R EUR H,EUR,si
LU0910636892,LU0910636892.EUFUND,FUND,FIXED_INCOME,fondos-bonos,Goldman Sachs Emerging Markets Debt Blend Portfolio E Acc EUR,EUR,si
LU0910636546,LU0910636546.EUFUND,FUND,FIXED_INCOME,fondos-bonos,Goldman Sachs Emerging Markets Debt Blend Portfolio Other Currency Acc EUR,EUR,si
LU0546917344,LU0546917344.EUFUND,FUND,FIXED_INCOME,fondos-bonos,Goldman Sachs Euro Long Duration Bond - P Cap EUR,EUR,si
LU1061675168,LU1061675168.EUFUND,FUND,FIXED_INCOME,fondos-bonos,Goldman Sachs Frontier Markets Debt (Hard Currency) - X Cap EUR (hedged i),EUR,si
LU0571101558,LU0571101558.EUFUND,FUND,FIXED_INCOME,fondos-bonos,Groupama Euro High Yield NC,EUR,si
LU0571100824,LU0571100824.EUFUND,FUND,FIXED_INCOME,fondos-bonos,Groupama Europe Convertible NC,EUR,si
LU1717592262,LU1717592262.EUFUND,FUND,FIXED_INCOME,fondos-bonos,Groupama Global Inflation Short Duration NC,EUR,si
FR0013346079,FR0013346079.EUFUND,FUND,FIXED_INCOME,fondos-bonos,Groupama Ultra Short Term NC,EUR,si
LU0243958393,LU0243958393.EUFUND,FUND,FIXED_INCOME,fondos-bonos,Invesco Funds - Invesco Euro Corporate Bond Fund E Accumulation EUR,EUR,si
LU0102737730,LU0102737730.EUFUND,FUND,FIXED_INCOME,fondos-bonos,Invesco Funds - Invesco Euro Ultra-Short Term Debt Fund A Accumulation EUR,EUR,si
LU0102737904,LU0102737904.EUFUND,FUND,FIXED_INCOME,fondos-bonos,Invesco Funds - Invesco Euro Ultra-Short Term Debt Fund C Accumulation EUR,EUR,si
LU1165644672,LU1165644672.EUFUND,FUND,FIXED_INCOME,fondos-bonos,IVO Funds - IVO Emerging Markets Corporate Debt EUR R Acc,EUR,si
LU0430492750,LU0430492750.EUFUND,FUND,FIXED_INCOME,fondos-bonos,JPMorgan Funds - Euro Aggregate Bond Fund C (acc) EUR,EUR,si
FR0010230490,FR0010230490.EUFUND,FUND,FIXED_INCOME,fondos-bonos,Lazard Credit Opportunities RC EUR,EUR,si
IE00BMW2TK08,IE00BMW2TK08.EUFUND,FUND,FIXED_INCOME,fondos-bonos,Lazard Global Convertibles Recovery Fund BP Acc EUR Hedged,EUR,si
FR001400NTN5,FR001400NTN5.EUFUND,FUND,FIXED_INCOME,fondos-bonos,Lazard High Yield 2029 EC EUR,EUR,si
LU1670631016,LU1670631016.EUFUND,FUND,FIXED_INCOME,fondos-bonos,M&G (Lux) Emerging Markets Bond Fund EUR A Acc,EUR,si
LU1670631289,LU1670631289.EUFUND,FUND,FIXED_INCOME,fondos-bonos,M&G (Lux) Emerging Markets Bond Fund EUR A-H Acc,EUR,si
LU1582984149,LU1582984149.EUFUND,FUND,FIXED_INCOME,fondos-bonos,M&G (Lux) European Inflation Linked Corporate Bond Fund EUR A Acc,EUR,si
LU1670708764,LU1670708764.EUFUND,FUND,FIXED_INCOME,fondos-bonos,M&G (Lux) Global Convertibles Fund EUR B Acc,EUR,si
LU1670722161,LU1670722161.EUFUND,FUND,FIXED_INCOME,fondos-bonos,M&G (Lux) Global Floating Rate High Yield Fund EUR A-H Acc,EUR,si
LU1670724373,LU1670724373.EUFUND,FUND,FIXED_INCOME,fondos-bonos,M&G (Lux) Optimal Income Fund EUR A Acc,EUR,si
LU1670718219,LU1670718219.EUFUND,FUND,FIXED_INCOME,fondos-bonos,M&G (Lux) Short Dated Corporate Bond Fund EUR A Acc,EUR,si
IE000MI53C66,IE000MI53C66.EUFUND,FUND,FIXED_INCOME,fondos-bonos,Man Funds plc - Man Global Investment Grade Opportunities D H EUR,EUR,si
IE00BDTYYP61,IE00BDTYYP61.EUFUND,FUND,FIXED_INCOME,fondos-bonos,Man Funds VI plc - Man High Yield Opportunities D EUR,EUR,si
ES0160873008,ES0160873008.EUFUND,FUND,FIXED_INCOME,fondos-bonos,MARCH PAGARES  FI,EUR,si
ES0161032034,ES0161032034.EUFUND,FUND,FIXED_INCOME,fondos-bonos,MARCH RENTA FIJA CORTO PLAZO  FI,EUR,si
LU2222028099,LU2222028099.EUFUND,FUND,FIXED_INCOME,fondos-bonos,Merchbanc FCP Renta Fija Flex A,EUR,si
ES0162333035,ES0162333035.EUFUND,FUND,FIXED_INCOME,fondos-bonos,MERCHRENTA  FI,EUR,si
LU1340702932,LU1340702932.EUFUND,FUND,FIXED_INCOME,fondos-bonos,MFS Meridian Funds - Global Opportunistic Bond Fund A1 EUR,EUR,si
LU2784406998,LU2784406998.EUFUND,FUND,FIXED_INCOME,fondos-bonos,Morgan Stanley Investment Funds - Emerging Markets Debt Opportunities Fund A EUR,EUR,si
LU1832969650,LU1832969650.EUFUND,FUND,FIXED_INCOME,fondos-bonos,Morgan Stanley Investment Funds - Euro Corporate Bond - Duration Hedged Fund A,EUR,si
LU0712123511,LU0712123511.EUFUND,FUND,FIXED_INCOME,fondos-bonos,Morgan Stanley Investment Funds - Global Fixed Income Opportunities Fund AH (EUR),EUR,si
LU0073235904,LU0073235904.EUFUND,FUND,FIXED_INCOME,fondos-bonos,Morgan Stanley Investment Funds - Short Maturity Euro Bond Fund A,EUR,si
ES0165237001,ES0165237001.EUFUND,FUND,FIXED_INCOME,fondos-bonos,MUTUAFONDO  FI,EUR,si
ES0165142037,ES0165142037.EUFUND,FUND,FIXED_INCOME,fondos-bonos,MUTUAFONDO CORTO PLAZO  FI - CLASE A,EUR,si
ES0165142003,ES0165142003.EUFUND,FUND,FIXED_INCOME,fondos-bonos,MUTUAFONDO CORTO PLAZO  FI - CLASE D,EUR,si
LU0935222900,LU0935222900.EUFUND,FUND,FIXED_INCOME,fondos-bonos,Natixis AM Funds - Ostrum Euro Inflation R/A (EUR),EUR,si
IE00B986FT65,IE00B986FT65.EUFUND,FUND,FIXED_INCOME,fondos-bonos,Neuberger Berman Emerging Market Debt - Hard Currency Fund EUR A Accumulating Class,EUR,si
IE00BDZRWZ54,IE00BDZRWZ54.EUFUND,FUND,FIXED_INCOME,fondos-bonos,Neuberger Berman Short Duration Emerging Market Debt Fund EUR A Accumulating Class,EUR,si
IE00BNG2T811,IE00BNG2T811.EUFUND,FUND,FIXED_INCOME,fondos-bonos,Neuberger Berman Short Duration Euro Bond Fund EUR A Accumulating Class,EUR,si
IE00B3RW6Z61,IE00B3RW6Z61.EUFUND,FUND,FIXED_INCOME,fondos-bonos,Nomura Funds Ireland plc - US High Yield Bond Fund Class A EUR,EUR,si
LU1915690918,LU1915690918.EUFUND,FUND,FIXED_INCOME,fondos-bonos,Nordea 1 - Active Rates Opportunities Fund Fund E EUR,EUR,si
LU0173779223,LU0173779223.EUFUND,FUND,FIXED_INCOME,fondos-bonos,Nordea 1 - Danish Covered Bond Fund BP EUR,EUR,si
LU0637302547,LU0637302547.EUFUND,FUND,FIXED_INCOME,fondos-bonos,Nordea 1 - Emerging Market Corporate Bond Fund BP EUR,EUR,si
LU0733673288,LU0733673288.EUFUND,FUND,FIXED_INCOME,fondos-bonos,Nordea 1 - European Cross Credit Fund BP EUR,EUR,si
LU1694212348,LU1694212348.EUFUND,FUND,FIXED_INCOME,fondos-bonos,Nordea 1 - Low Duration European Covered Bond Fund BP EUR,EUR,si
LU1486845537,LU1486845537.EUFUND,FUND,FIXED_INCOME,fondos-bonos,Oddo BHF Euro Credit Short Duration CR-EUR,EUR,si
FR0013231453,FR0013231453.EUFUND,FUND,FIXED_INCOME,fondos-bonos,Ostrum Credit Ultra Short Plus I-C EUR,EUR,si
IE00B90VC092,IE00B90VC092.EUFUND,FUND,FIXED_INCOME,fondos-bonos,PIMCO European Short-Term Opportunities Fund E EUR Accumulation,EUR,si
IE00B5ZW6Z28,IE00B5ZW6Z28.EUFUND,FUND,FIXED_INCOME,fondos-bonos,PIMCO GIS Emerging Local Bond Fund E Class EUR (Unhedged) Accumulation,EUR,si
IE00B11XYW43,IE00B11XYW43.EUFUND,FUND,FIXED_INCOME,fondos-bonos,PIMCO GIS Emerging Markets Bond Fund E Class EUR (Hedged) Accumulation,EUR,si
IE00B53H0P79,IE00B53H0P79.EUFUND,FUND,FIXED_INCOME,fondos-bonos,PIMCO GIS Global Advantage Fund E Class EUR (Partially Hedged) Accumulation,EUR,si
IE00B11XZ103,IE00B11XZ103.EUFUND,FUND,FIXED_INCOME,fondos-bonos,PIMCO GIS Global Bond Fund E Class EUR (Hedged) Accumulation,EUR,si
IE00BJ7B9456,IE00BJ7B9456.EUFUND,FUND,FIXED_INCOME,fondos-bonos,PIMCO GIS Global Low Duration Real Return Fund E Class EUR (Hedged) Accumulation,EUR,si
IE00B84J9L26,IE00B84J9L26.EUFUND,FUND,FIXED_INCOME,fondos-bonos,PIMCO GIS Income Fund E Class EUR (Hedged) Accumulation,EUR,si
IE00BF2FJG67,IE00BF2FJG67.EUFUND,FUND,FIXED_INCOME,fondos-bonos,PIMCO GIS Low Duration Opportunities Fund E Class EUR (Hedged) Accumulation,EUR,si
ES0182631004,ES0182631004.EUFUND,FUND,FIXED_INCOME,fondos-bonos,POLAR RENTA FIJA FI,EUR,si
IE00BD2ZKT29,IE00BD2ZKT29.EUFUND,FUND,FIXED_INCOME,fondos-bonos,Principal Global Investors Funds - Finisterre Unconstrained Emerging Market Fxd Inc Fd A Hdg Acc EUR,EUR,si
FR0007008750,FR0007008750.EUFUND,FUND,FIXED_INCOME,fondos-bonos,R-co Conviction Credit Euro C EUR,EUR,si
ES0176954008,ES0176954008.EUFUND,FUND,FIXED_INCOME,fondos-bonos,RENTA 4 RENTA FIJA  FI,EUR,si
LU1362999481,LU1362999481.EUFUND,FUND,FIXED_INCOME,fondos-bonos,Robeco High Yield Bonds D €,EUR,si
ES0170138038,ES0170138038.EUFUND,FUND,FIXED_INCOME,fondos-bonos,SANTALUCIA RENTA FIJA  FI,EUR,si
ES0170156030,ES0170156030.EUFUND,FUND,FIXED_INCOME,fondos-bonos,SANTALUCIA RENTA FIJA CORTO PLAZO EURO  FI,EUR,si
LU0795636256,LU0795636256.EUFUND,FUND,FIXED_INCOME,fondos-bonos,Schroder International Selection Fund Emerging Markets Hard Currency A Accumulation EUR Hedged,EUR,si
LU0133717503,LU0133717503.EUFUND,FUND,FIXED_INCOME,fondos-bonos,Schroder International Selection Fund EURO Corporate Bond A1 Accumulation EUR,EUR,si
LU0995119665,LU0995119665.EUFUND,FUND,FIXED_INCOME,fondos-bonos,Schroder International Selection Fund EURO Credit Conviction A Accumulation EUR,EUR,si
LU0995119749,LU0995119749.EUFUND,FUND,FIXED_INCOME,fondos-bonos,Schroder International Selection Fund EURO Credit Conviction B Accumulation EUR,EUR,si
LU0849399786,LU0849399786.EUFUND,FUND,FIXED_INCOME,fondos-bonos,Schroder International Selection Fund EURO High Yield A Accumulation,EUR,si
LU0189895229,LU0189895229.EUFUND,FUND,FIXED_INCOME,fondos-bonos,Schroder International Selection Fund Global High Yield B Accumulation EUR Hedged,EUR,si
ES0141580037,ES0141580037.EUFUND,FUND,FIXED_INCOME,fondos-bonos,SIGMA INVESTMENT HOUSE AHORRO  FI,EUR,si
ES0142167032,ES0142167032.EUFUND,FUND,FIXED_INCOME,fondos-bonos,SIGMA INVESTMENT HOUSE RENTA FIJA  FI,EUR,si
LU0447425785,LU0447425785.EUFUND,FUND,FIXED_INCOME,fondos-bonos,SIH FCP - Short Term EUR A Classic,EUR,si
FR0011288513,FR0011288513.EUFUND,FUND,FIXED_INCOME,fondos-bonos,Sycomore Sélection Crédit R,EUR,si
ES0168662031,ES0168662031.EUFUND,FUND,FIXED_INCOME,fondos-bonos,TREA RENTA FIJA  FI,EUR,si
ES0125240038,ES0125240038.EUFUND,FUND,FIXED_INCOME,fondos-bonos,TREA RENTA FIJA AHORRO  FI,EUR,si
LU0569862609,LU0569862609.EUFUND,FUND,FIXED_INCOME,fondos-bonos,UBAM - Global High Yield Solution AHC EUR,EUR,si
LU0940719098,LU0940719098.EUFUND,FUND,FIXED_INCOME,fondos-bonos,UBAM - Global High Yield Solution RHC EUR,EUR,si
LU0086177085,LU0086177085.EUFUND,FUND,FIXED_INCOME,fondos-bonos,UBS (Lux) Bond Fund - Euro High Yield (EUR) P-acc,EUR,si
LU0203937692,LU0203937692.EUFUND,FUND,FIXED_INCOME,fondos-bonos,UBS (Lux) Bond SICAV - Convert Global (EUR) P-acc,EUR,si
LU1679113404,LU1679113404.EUFUND,FUND,FIXED_INCOME,fondos-bonos,UBS (Lux) Bond SICAV - Floating Rate Income (USD) (EUR hedged) P-acc,EUR,si
LU0455556406,LU0455556406.EUFUND,FUND,FIXED_INCOME,fondos-bonos,UBS (Lux) Bond SICAV - Global Inflation-linked (USD) (EUR hedged) P-acc,EUR,si
LU0706127809,LU0706127809.EUFUND,FUND,FIXED_INCOME,fondos-bonos,UBS (Lux) Bond SICAV - Global Short Term Flexible (USD) (EUR hedged) P-acc,EUR,si
ES0155598008,ES0155598008.EUFUND,FUND,FIXED_INCOME,fondos-bonos,UBS CORTO PLAZO  FI - CLASE A,EUR,si
ES0155598032,ES0155598032.EUFUND,FUND,FIXED_INCOME,fondos-bonos,UBS CORTO PLAZO  FI - CLASE B,EUR,si
ES0126547035,ES0126547035.EUFUND,FUND,FIXED_INCOME,fondos-bonos,UBS DURACIÓN 0-2  FI,EUR,si
ES0124880032,ES0124880032.EUFUND,FUND,FIXED_INCOME,fondos-bonos,UBS RENTA FIJA 0-5  FI,EUR,si
IE00B18GC888,IE00B18GC888.EUFUND,FUND,FIXED_INCOME,fondos-bonos,Vanguard Global Bond Index Fund EUR Hedged Acc,EUR,si
LU0926439992,LU0926439992.EUFUND,FUND,FIXED_INCOME,fondos-bonos,Vontobel Fund - Emerging Markets Debt H (hedged) EUR Cap,EUR,si
LU0137009238,LU0137009238.EUFUND,FUND,FIXED_INCOME,fondos-bonos,Vontobel Fund - TwentyFour Euro Short Term Bond C EUR Cap,EUR,si
ES0162949012,ES0162949012.EUFUND,FUND,MIXED,fondos-mixtos,ABANTE INDICE SELECCION  FI,EUR,si
ES0162946034,ES0162946034.EUFUND,FUND,MIXED,fondos-mixtos,ABANTE SELECCION  FI,EUR,si
DE000A0X7541,DE000A0X7541.EUFUND,FUND,MIXED,fondos-mixtos,Acatis Value Event Fonds A,EUR,si
IE00BYYPF474,IE00BYYPF474.EUFUND,FUND,MIXED,fondos-mixtos,Aegon Global Diversified Income Fund EUR A Acc,EUR,si
IE00BYYPF581,IE00BYYPF581.EUFUND,FUND,MIXED,fondos-mixtos,Aegon Global Diversified Income Fund EUR A Inc,EUR,si
LU1548496022,LU1548496022.EUFUND,FUND,MIXED,fondos-mixtos,Allianz Global Investors Fund - Allianz Dynamic Multi Asset Strategy SRI 15 AT EUR,EUR,si
LU1594335520,LU1594335520.EUFUND,FUND,MIXED,fondos-mixtos,Allianz Global Investors Fund - Allianz Dynamic Multi Asset Strategy SRI 75 AT EUR,EUR,si
LU1304666057,LU1304666057.EUFUND,FUND,MIXED,fondos-mixtos,Allianz Global Investors Fund - Allianz Dynamic Multi Asset Strategy SRI 75 CT EUR,EUR,si
LU0352312184,LU0352312184.EUFUND,FUND,MIXED,fondos-mixtos,Allianz Strategy 50 CT EUR,EUR,si
LU0352312853,LU0352312853.EUFUND,FUND,MIXED,fondos-mixtos,Allianz Strategy 75 CT EUR,EUR,si
LU1882475392,LU1882475392.EUFUND,FUND,MIXED,fondos-mixtos,Amundi Funds - Euro Multi-Asset Target Income A2 EUR (C),EUR,si
LU1883327816,LU1883327816.EUFUND,FUND,MIXED,fondos-mixtos,Amundi Funds - Global Multi-Asset A EUR (C),EUR,si
LU1883329432,LU1883329432.EUFUND,FUND,MIXED,fondos-mixtos,Amundi Funds - Global Multi-Asset Conservative A EUR (C),EUR,si
LU1883330521,LU1883330521.EUFUND,FUND,MIXED,fondos-mixtos,Amundi Funds - Global Multi-Asset Target Income A2 EUR (C),EUR,si
LU1894680757,LU1894680757.EUFUND,FUND,MIXED,fondos-mixtos,Amundi Funds - Income Opportunities A2 EUR (C),EUR,si
LU1883340322,LU1883340322.EUFUND,FUND,MIXED,fondos-mixtos,Amundi Funds - Pioneer Flexible Opportunities A EUR (C),EUR,si
ES0112231016,ES0112231016.EUFUND,FUND,MIXED,fondos-mixtos,AVANTAGE FUND  FI,EUR,si
LU0048293368,LU0048293368.EUFUND,FUND,MIXED,fondos-mixtos,BL-Global 75 B EUR Acc,EUR,si
LU0093503497,LU0093503497.EUFUND,FUND,MIXED,fondos-mixtos,BlackRock Global Funds - ESG Multi-Asset Fund A2,EUR,si
LU0093503737,LU0093503737.EUFUND,FUND,MIXED,fondos-mixtos,BlackRock Global Funds - ESG Multi-Asset Fund E2,EUR,si
LU0171283459,LU0171283459.EUFUND,FUND,MIXED,fondos-mixtos,BlackRock Global Funds - Global Allocation Fund A2,EUR,si
IE00B4Z6MP99,IE00B4Z6MP99.EUFUND,FUND,MIXED,fondos-mixtos,BNY Mellon Global Real Return Fund (EUR) C Acc,EUR,si
ES0114904008,ES0114904008.EUFUND,FUND,MIXED,fondos-mixtos,BRIGHTGATE FOCUS  FI,EUR,si
LU2278574715,LU2278574715.EUFUND,FUND,MIXED,fondos-mixtos,Buy & Hold Luxembourg B&H Flexible Class 2,EUR,si
FR0010306142,FR0010306142.EUFUND,FUND,MIXED,fondos-mixtos,Carmignac Patrimoine E EUR Acc,EUR,si
LU0592699093,LU0592699093.EUFUND,FUND,MIXED,fondos-mixtos,Carmignac Portfolio Emerging Patrimoine E EUR Acc,EUR,si
LU1966822956,LU1966822956.EUFUND,FUND,MIXED,fondos-mixtos,Cartesio Funds Income R,EUR,si
ES0116567035,ES0116567035.EUFUND,FUND,MIXED,fondos-mixtos,CARTESIO X  FI,EUR,si
LU1298174530,LU1298174530.EUFUND,FUND,MIXED,fondos-mixtos,CT (Lux) - Global Multi Asset Income Class AE (EUR Accumulation Shares),EUR,si
LU0512121004,LU0512121004.EUFUND,FUND,MIXED,fondos-mixtos,DNCA Invest Eurose Class B shares EUR,EUR,si
LU0284394821,LU0284394821.EUFUND,FUND,MIXED,fondos-mixtos,DNCA Invest Évolutif B EUR,EUR,si
ES0128067008,ES0128067008.EUFUND,FUND,MIXED,fondos-mixtos,DUX MIXTO VARIABLE  FI,EUR,si
LU0087412390,LU0087412390.EUFUND,FUND,MIXED,fondos-mixtos,DWS Concept DJE Alpha Renten Global LC,EUR,si
LU0599946893,LU0599946893.EUFUND,FUND,MIXED,fondos-mixtos,DWS Concept Kaldemorgen EUR LC,EUR,si
LU0599947198,LU0599947198.EUFUND,FUND,MIXED,fondos-mixtos,DWS Concept Kaldemorgen EUR NC,EUR,si
DE000DWS17J0,DE000DWS17J0.EUFUND,FUND,MIXED,fondos-mixtos,DWS ESG Dynamic Opportunities LC,EUR,si
LU2050544563,LU2050544563.EUFUND,FUND,MIXED,fondos-mixtos,DWS ESG Multi Asset Dynamic LC,EUR,si
DE0005318406,DE0005318406.EUFUND,FUND,MIXED,fondos-mixtos,DWS ESG Stiftungsfonds LD,EUR,si
LU1868537090,LU1868537090.EUFUND,FUND,MIXED,fondos-mixtos,DWS Invest ESG Dynamic Opportunities LC,EUR,si
LU1961009468,LU1961009468.EUFUND,FUND,MIXED,fondos-mixtos,DWS Strategic Allocation Balance NC,EUR,si
LU1740985814,LU1740985814.EUFUND,FUND,MIXED,fondos-mixtos,DWS Strategic Allocation Dynamic LD,EUR,si
LU1276000236,LU1276000236.EUFUND,FUND,MIXED,fondos-mixtos,Edmond de Rothschild Fund - Income Europe R EUR,EUR,si
FR0010041822,FR0010041822.EUFUND,FUND,MIXED,fondos-mixtos,Edmond de Rothschild Patrimoine A,EUR,si
FR0013219243,FR0013219243.EUFUND,FUND,MIXED,fondos-mixtos,EdR SICAV - Equity Euro Solve A EUR,EUR,si
LU0251131362,LU0251131362.EUFUND,FUND,MIXED,fondos-mixtos,Fidelity Funds - Fidelity Target™ 2030 Fund A-Acc-EUR,EUR,si
LU0251119078,LU0251119078.EUFUND,FUND,MIXED,fondos-mixtos,Fidelity Funds - Fidelity Target™ 2035 Fund A-Acc-EUR,EUR,si
LU1095739733,LU1095739733.EUFUND,FUND,MIXED,fondos-mixtos,First Eagle Amundi Income Builder Fund Class AE-QD Shares,EUR,si
LU0565135745,LU0565135745.EUFUND,FUND,MIXED,fondos-mixtos,First Eagle Amundi International Fund Class AE-C Shares,EUR,si
LU0565136552,LU0565136552.EUFUND,FUND,MIXED,fondos-mixtos,First Eagle Amundi International Fund Class FE-C Shares,EUR,si
LU1245470593,LU1245470593.EUFUND,FUND,MIXED,fondos-mixtos,Flossbach von Storch - Multi Asset Defensive ET,EUR,si
LU1245469744,LU1245469744.EUFUND,FUND,MIXED,fondos-mixtos,Flossbach von Storch - Multiple Opportunities II ET,EUR,si
ES0138936036,ES0138936036.EUFUND,FUND,MIXED,fondos-mixtos,FONDIBAS  FI,EUR,si
ES0138930005,ES0138930005.EUFUND,FUND,MIXED,fondos-mixtos,FONVALCEM  FI,EUR,si
ES0175604034,ES0175604034.EUFUND,FUND,MIXED,fondos-mixtos,GESCONSULT LEON VALORES MIXTO FLEXIBLE  FI - CLASE A,EUR,si
ES0175604000,ES0175604000.EUFUND,FUND,MIXED,fondos-mixtos,GESCONSULT LEON VALORES MIXTO FLEXIBLE  FI - CLASE B,EUR,si
ES0138217031,ES0138217031.EUFUND,FUND,MIXED,fondos-mixtos,GESCONSULT RENTA FIJA FLEXIBLE  FI,EUR,si
ES0142046038,ES0142046038.EUFUND,FUND,MIXED,fondos-mixtos,GESEM  FI,EUR,si
ES0131462022,0P00017QSQ.F,FUND,MIXED,fondos-mixtos,GESTION BOUTIQUE V  FI,EUR,si
ES0110407006,ES0110407006.EUFUND,FUND,MIXED,fondos-mixtos,GESTION BOUTIQUE VI  FI,EUR,si
ES0116848005,ES0116848005.EUFUND,FUND,MIXED,fondos-mixtos,GLOBAL ALLOCATION  FI,EUR,si
LU0121216526,LU0121216526.EUFUND,FUND,MIXED,fondos-mixtos,Goldman Sachs Patrimonial Aggressive - X Cap EUR,EUR,si
LU0119195963,LU0119195963.EUFUND,FUND,MIXED,fondos-mixtos,Goldman Sachs Patrimonial Balanced - P Cap EUR,EUR,si
ES0148181003,ES0148181003.EUFUND,FUND,MIXED,fondos-mixtos,INDEXA RV MIXTA INTERNACIONAL 75  FI,EUR,si
LU0243957239,LU0243957239.EUFUND,FUND,MIXED,fondos-mixtos,Invesco Funds - Invesco Pan European High Income Fund A Accumulation EUR,EUR,si
LU0243957742,LU0243957742.EUFUND,FUND,MIXED,fondos-mixtos,Invesco Funds - Invesco Pan European High Income Fund E Accumulation EUR,EUR,si
LU0404220724,LU0404220724.EUFUND,FUND,MIXED,fondos-mixtos,JPMorgan Investment Funds - Global Income Fund D (div) EUR,EUR,si
LU1582988306,LU1582988306.EUFUND,FUND,MIXED,fondos-mixtos,M&G (Lux) Dynamic Allocation Fund EUR B Acc,EUR,si
ES0162211033,ES0162211033.EUFUND,FUND,MIXED,fondos-mixtos,MERCH-EUROUNION  FI,EUR,si
ES0138914033,ES0138914033.EUFUND,FUND,MIXED,fondos-mixtos,MERCH-FONTEMAR  FI,EUR,si
ES0162305033,ES0162305033.EUFUND,FUND,MIXED,fondos-mixtos,MERCH-OPORTUNIDADES  FI,EUR,si
ES0182105033,ES0182105033.EUFUND,FUND,MIXED,fondos-mixtos,MERCH-UNIVERSAL  FI,EUR,si
LU1442549025,LU1442549025.EUFUND,FUND,MIXED,fondos-mixtos,MFS Meridian Funds - Prudent Capital Fund A1 EUR,EUR,si
LU0583242994,LU0583242994.EUFUND,FUND,MIXED,fondos-mixtos,MFS Meridian Funds - Prudent Wealth Fund A1 EUR,EUR,si
LU0227385266,LU0227385266.EUFUND,FUND,MIXED,fondos-mixtos,Nordea 1 - Stable Return Fund E EUR,EUR,si
ES0118537002,ES0118537002.EUFUND,FUND,MIXED,fondos-mixtos,OLEA NEUTRAL  FI,EUR,si
FR0011253624,FR0011253624.EUFUND,FUND,MIXED,fondos-mixtos,R-co Valor C EUR,EUR,si
FR0011261197,FR0011261197.EUFUND,FUND,MIXED,fondos-mixtos,R-co Valor F EUR,EUR,si
ES0173323009,ES0173323009.EUFUND,FUND,MIXED,fondos-mixtos,RENTA 4 WERTEFINDER  FI,EUR,si
FR0010286013,FR0010286013.EUFUND,FUND,MIXED,fondos-mixtos,Sextant Grand Large A,EUR,si
ES0161992005,ES0161992005.EUFUND,FUND,MIXED,fondos-mixtos,SIGMA INVESTMENT HOUSE CAPITAL  FI,EUR,si
LU1899018953,LU1899018953.EUFUND,FUND,MIXED,fondos-mixtos,Sigma Investment House FCP - Best Blackrock Class A EUR Accumulation,EUR,si
LU1697018494,LU1697018494.EUFUND,FUND,MIXED,fondos-mixtos,Sigma Investment House FCP - Best JP Morgan Class A EUR,EUR,si
LU1899018870,LU1899018870.EUFUND,FUND,MIXED,fondos-mixtos,Sigma Investment House FCP - Best M&G Class A EUR Accumulation,EUR,si
LU1697018064,LU1697018064.EUFUND,FUND,MIXED,fondos-mixtos,Sigma Investment House FCP - Best Morgan Stanley Class A EUR,EUR,si
LU1697016019,LU1697016019.EUFUND,FUND,MIXED,fondos-mixtos,Sigma Investment House FCP - Selection AggressiveClass A EUR,EUR,si
LU1697016878,LU1697016878.EUFUND,FUND,MIXED,fondos-mixtos,Sigma Investment House FCP - Selection Conservative Class A EUR,EUR,si
LU1697016365,LU1697016365.EUFUND,FUND,MIXED,fondos-mixtos,Sigma Investment House FCP - Selection Defensive Class A EUR,EUR,si
LU1697017686,LU1697017686.EUFUND,FUND,MIXED,fondos-mixtos,Sigma Investment House FCP - Selection Dynamic Class A EUR,EUR,si
LU1697017256,LU1697017256.EUFUND,FUND,MIXED,fondos-mixtos,Sigma Investment House FCP - Selection Moderate Class A EUR,EUR,si
ES0158600033,ES0158600033.EUFUND,FUND,MIXED,fondos-mixtos,SIGMA INVESTMENT HOUSE FLEXIBLE GLOBAL  FI,EUR,si
LU0842066523,LU0842066523.EUFUND,FUND,MIXED,fondos-mixtos,SIH FCP - Balanced A Classic,EUR,si
LU0568620560,LU0568620560.EUFUND,FUND,MONEY_MARKET,fondos-monetarios,Amundi Funds - Cash EUR A2 EUR (C),EUR,si
LU0568620727,LU0568620727.EUFUND,FUND,MONEY_MARKET,fondos-monetarios,Amundi Funds - Cash EUR G2 EUR (C),EUR,si
LU0093583077,LU0093583077.EUFUND,FUND,MONEY_MARKET,fondos-monetarios,Candriam Money Market Euro C Acc EUR,EUR,si
FR0000989626,FR0000989626.EUFUND,FUND,MONEY_MARKET,fondos-monetarios,Groupama Trésorerie IC,EUR,si
LU0252500524,LU0252500524.EUFUND,FUND,MONEY_MARKET,fondos-monetarios,JPMorgan Funds - EUR Money Market VNAV Fund D (acc) EUR,EUR,si
LU1873127366,LU1873127366.EUFUND,FUND,MONEY_MARKET,fondos-monetarios,JPMorgan Liquidity Funds - EUR Liquidity LVNAV Fund A (acc.),EUR,si
LU1373035234,LU1373035234.EUFUND,FUND,OTHER,fondos-otros,BlackRock Strategic Funds - BLK Systematic Style Factor Absolute Return Fund Class E2 Hedged EUR,EUR,si
FR0010794792,FR0010794792.EUFUND,FUND,OTHER,fondos-otros,Candriam Diversified Futures Classique,EUR,si
ES0175414012,ES0175414012.EUFUND,FUND,OTHER,fondos-otros,DUNAS VALOR EQUILIBRADO FI,EUR,si
ES0175316019,ES0175316019.EUFUND,FUND,OTHER,fondos-otros,DUNAS VALOR FLEXIBLE FI,EUR,si
ES0175437005,ES0175437005.EUFUND,FUND,OTHER,fondos-otros,DUNAS VALOR PRUDENTE FI,EUR,si
ES0127097030,ES0127097030.EUFUND,FUND,OTHER,fondos-otros,DUX RENTINVER RENTA FIJA  FI,EUR,si
LU1103307408,LU1103307408.EUFUND,FUND,OTHER,fondos-otros,Goldman Sachs Absolute Return Tracker Portfolio Other Currency Acc EUR-Hedged,EUR,si
LU0398684661,LU0398684661.EUFUND,FUND,OTHER,fondos-otros,Goldman Sachs Alternative Beta - P Cap EUR (hedged i),EUR,si
LU0503253931,LU0503253931.EUFUND,FUND,OTHER,fondos-otros,Invesco Funds SICAV - Invesco Commodity Allocation Fund E (EUR)-Acc Shares,EUR,si
LU0607983896,LU0607983896.EUFUND,FUND,OTHER,fondos-otros,Nordea 1 - Alpha 15 MA Fund BP EUR,EUR,si
FR0011170182,FR0011170182.EUFUND,FUND,OTHER,fondos-otros,Ofi Invest Precious Metals R,EUR,si
ES0105336038,BBVAI.MC,ETF,EQUITY,etf,Accion IBEX 35 Cotizado Armonizado FI,EUR,si
IE00B3Q19T94,S7XE.XETRA,ETF,EQUITY,etf,Invesco EURO STOXX Optimised Banks UCITS ETF,EUR,si
DE0005933956,EXW1.XETRA,ETF,EQUITY,etf,iShares Core EURO STOXX 50 UCITS ETF (DE),EUR,si
IE00BDBRDM35,EUNA.XETRA,ETF,FIXED_INCOME,etf,iShares Core Global Aggregate Bond UCITS ETF EUR Hedged (Acc),EUR,si
IE00B6R52259,IUSQ.XETRA,ETF,EQUITY,etf,iShares MSCI ACWI UCITS ETF USD (Acc) EUR,EUR,si
DE000A0F5UJ7,EXV1.XETRA,ETF,EQUITY,etf,iShares STOXX Europe 600 Banks UCITS ETF (DE),EUR,si
IE00B53L3W79,SXRT.XETRA,ETF,EQUITY,etf,iShares VII PLC - iShares Core EURO STOXX 50 ETF EUR Acc,EUR,si
LU0290358497,XEON.XETRA,ETF,MONEY_MARKET,etf,Xtrackers II EUR Overnight Rate Swap UCITS ETF 1C,EUR,si
ES0125220311,ANA.MC,STOCK,EQUITY,acciones,Acciona,EUR,si
ES0132105018,ACX.MC,STOCK,EQUITY,acciones,Acerinox,EUR,si
ES0167050915,ACS.MC,STOCK,EQUITY,acciones,ACS Actividades de Construccion y Servicios SA,EUR,si
DE000A1EWWW0,ADS.XETRA,STOCK,EQUITY,acciones,adidas AG,EUR,si
NL0012969182,ADYEN.AS,STOCK,EQUITY,acciones,Adyen NV,EUR,si
ES0105046009,AENA.MC,STOCK,EQUITY,acciones,Aena S.M.E.  S.A.,EUR,si
NL0000235190,AIR.PA,STOCK,EQUITY,acciones,Airbus Group SE,EUR,si
ES0109067019,AMS.MC,STOCK,EQUITY,acciones,Amadeus IT Group S.A.,EUR,si
LU1598757687,MT.AS,STOCK,EQUITY,acciones,ArcelorMittal SA,EUR,si
ES0113211835,BBVA.MC,STOCK,EQUITY,acciones,Banco Bilbao Vizcaya Argentaria SA,EUR,si
ES0113860A34,SAB.MC,STOCK,EQUITY,acciones,Banco de Sabadell S.A,EUR,si
ES0113900J37,SAN.MC,STOCK,EQUITY,acciones,Banco Santander S.A.,EUR,si
ES0113679I37,BKT.MC,STOCK,EQUITY,acciones,Bankinter,EUR,si
DE000BAY0017,BAYN.XETRA,STOCK,EQUITY,acciones,Bayer AG NA,EUR,si
DE0005190003,BMW.XETRA,STOCK,EQUITY,acciones,Bayerische Motoren Werke Aktiengesellschaft,EUR,si
FR0000131104,BNP.PA,STOCK,EQUITY,acciones,BNP Paribas SA,EUR,si
ES0140609019,CABK.MC,STOCK,EQUITY,acciones,Caixabank SA,EUR,si
ES0105066007,CLNX.MC,STOCK,EQUITY,acciones,Cellnex Telecom SA,EUR,si
ES0105027009,LOG.MC,STOCK,EQUITY,acciones,Cia de Distribucion Integral,EUR,si
ES0105563003,ANE.MC,STOCK,EQUITY,acciones,Corporacion Acciona Energias Renovables SA,EUR,si
FR0000120644,BN.PA,STOCK,EQUITY,acciones,Danone SA,EUR,si
DE0005140008,DBK.XETRA,STOCK,EQUITY,acciones,Deutsche Bank Aktiengesellschaft,EUR,si
DE0005810055,DB1.XETRA,STOCK,EQUITY,acciones,Deutsche Börse AG,EUR,si
DE0005552004,DHL.XETRA,STOCK,EQUITY,acciones,Deutsche Post AG,EUR,si
ES0130960018,ENG.MC,STOCK,EQUITY,acciones,Enagás S.A.,EUR,si
ES0130670112,ELE.MC,STOCK,EQUITY,acciones,Endesa SA,EUR,si
IT0003128367,ENL.XETRA,STOCK,EQUITY,acciones,Enel SpA,EUR,si
IT0003132476,ENI.XETRA,STOCK,EQUITY,acciones,ENI S.p.A.,EUR,si
FR0000121667,EL.PA,STOCK,EQUITY,acciones,EssilorLuxottica S. A.,EUR,si
ES0118900010,FER.MC,STOCK,EQUITY,acciones,Ferrovial N.V.,EUR,si
ES0137650018,FDR.MC,STOCK,EQUITY,acciones,Fluidra,EUR,si
ES0171996087,GRF.MC,STOCK,EQUITY,acciones,Grifols S.A.,EUR,si
FR0000052292,RMS.PA,STOCK,EQUITY,acciones,Hermes International SCA,EUR,si
ES0144580Y14,IBE.MC,STOCK,EQUITY,acciones,Iberdrola S.A.,EUR,si
ES0118594417,IDR.MC,STOCK,EQUITY,acciones,Indra A,EUR,si
ES0148396007,ITX.MC,STOCK,EQUITY,acciones,Industria de Diseno Textil SA,EUR,si
DE0006231004,IFX.XETRA,STOCK,EQUITY,acciones,Infineon Technologies AG,EUR,si
NL0011821202,INGA.AS,STOCK,EQUITY,acciones,ING Groep NV,EUR,si
ES0139140174,COL.MC,STOCK,EQUITY,acciones,Inmobiliaria Colonial SA,EUR,si
ES0177542018,IAG.MC,STOCK,EQUITY,acciones,International Consolidated Airlines Group S.A,EUR,si
IT0000072618,IES.XETRA,STOCK,EQUITY,acciones,Intesa Sanpaolo SpA,EUR,si
FR0000121485,KER.PA,STOCK,EQUITY,acciones,Kering SA,EUR,si
NL0011794037,AD.AS,STOCK,EQUITY,acciones,Koninklijke Ahold Delhaize NV,EUR,si
ES0157261019,ROVI.MC,STOCK,EQUITY,acciones,Laboratorios Farmaceuticos ROVI,EUR,si
FR0000120321,OR.PA,STOCK,EQUITY,acciones,LOréal S.A.,EUR,si
FR0000121014,MC.PA,STOCK,EQUITY,acciones,LVMH Moët Hennessy - Louis Vuitton,EUR,si
ES0124244E34,MAP.MC,STOCK,EQUITY,acciones,Mapfre,EUR,si
ES0176252718,MEL.MC,STOCK,EQUITY,acciones,Melia Hotels,EUR,si
DE0007100000,MBG.XETRA,STOCK,EQUITY,acciones,Mercedes-Benz Group AG,EUR,si
ES0105025003,MRL.MC,STOCK,EQUITY,acciones,Merlin Properties SOCIMI SA,EUR,si
DE0008430026,MUV2.XETRA,STOCK,EQUITY,acciones,Münchener Rück AG,EUR,si
ES0116870314,NTGY.MC,STOCK,EQUITY,acciones,Naturgy Energy Group SA,EUR,si
FI4000297767,NDA-FI.HE,STOCK,EQUITY,acciones,Nordea Bank Abp,EUR,si
FR0000120693,RI.PA,STOCK,EQUITY,acciones,Pernod Ricard S.A.,EUR,si
NL0013654783,PRX.AS,STOCK,EQUITY,acciones,Prosus N.V.,EUR,si
ES0173093024,RED.MC,STOCK,EQUITY,acciones,Redeia Corporacion S.A.,EUR,si
ES0173516115,REP.MC,STOCK,EQUITY,acciones,Repsol S.A.,EUR,si
ES0182870214,SCYR.MC,STOCK,EQUITY,acciones,Sacyr SA,EUR,si
FR0000073272,SAF.PA,STOCK,EQUITY,acciones,Safran SA,EUR,si
FR0000120578,SAN.PA,STOCK,EQUITY,acciones,Sanofi SA,EUR,si
DE0007164600,SAP.XETRA,STOCK,EQUITY,acciones,SAP SE,EUR,si
FR0000121972,SU.PA,STOCK,EQUITY,acciones,Schneider Electric S.E.,EUR,si
DE0007236101,SIE.XETRA,STOCK,EQUITY,acciones,Siemens Aktiengesellschaft,EUR,si
ES0143416115,SGRE.MC,STOCK,EQUITY,acciones,Siemens Gamesa Renewable Energy S.A.,EUR,si
ES0165386014,SLR.MC,STOCK,EQUITY,acciones,Solaria Energía y Medio Ambiente S.A,EUR,si
ES0178430E18,TEF.MC,STOCK,EQUITY,acciones,Telefonica,EUR,si
FR0000120271,TTE.PA,STOCK,EQUITY,acciones,TotalEnergies SE,EUR,si
ES0105394003,TSK.MC,STOCK,EQUITY,acciones,TSK ELECTRONICA Y ELECTRICIDAD,EUR,si
ES0132945017,TUB.MC,STOCK,EQUITY,acciones,Tubacex S.A,EUR,si
ES0180907000,UNI.MC,STOCK,EQUITY,acciones,Unicaja Banco SA,EUR,si
IT0005239360,CRIN.XETRA,STOCK,EQUITY,acciones,UniCredit SpA,EUR,si
FR0000125486,DG.PA,STOCK,EQUITY,acciones,Vinci S.A.,EUR,si
DE0007664039,VOW3.XETRA,STOCK,EQUITY,acciones,Volkswagen AG VZO O.N.,EUR,si
DE000A1ML7J1,VNA.XETRA,STOCK,EQUITY,acciones,Vonovia SE,EUR,si
